ID	Slip_ID	Phrase_ID	Raw_Word	Word	Gloss	MC	OC	Phrase marker	Comments	Underlying forms	Unique forms
1	1	1	魯	魯	Lu (place name)	luX	! *r.ŋˤaʔ // *[r]ˤaʔ			R . N A K // R A K	Underlying forms
2	1	1	⿵戕口 公	莊公	duke Zhuang (personal name)	tsrjang kuwng	*[ts]raŋ // *C.qˤoŋ			C R A N // X . K O N	R . N A K // R A K
3	1	1	⿰爿酉	將	aspect marker	tsjang	*[ts]aŋ			C A N	C R A N // X . K O N
4	1	1	為	為	do	hjwe // hjweH	! *ɢʷ(r)aj // *ɢʷ(r)aj-s			Kw A J // Kw A J	C A N
5	1	1	大	大	big	dajH	*lˤa[t]-s			L A T	Kw A J // Kw A J
6	1	1	鍾	鍾	bell	tsyowng	*toŋ	，		T O N	L A T
7	1	2	型	型	shape	heng	*gˤeŋ			K E N	T O N
8	1	2	既	既	aspect marker	kj+jH	*[k]ə[t]-s			K Ə T	K E N
9	1	2	成	成	finish	dzyeng	*m-[d]eŋ			T E N	K Ə T
10	1	2	矣	矣	modal particle	hiX	*qəʔ	，		K Ə K	T E N
11	1	3	⿰告攴 𥣫	曹沫	Cao Mo 	dzaw mat	*N-tsˤu // *mˤat			C U // M A T	K Ə K
12	1	3	內	入	enter	nyip	*n[u]p			N U P	C U // M A T
13	1	3	見	見	see	henH // kenH // henH	! *N-[k]ˤen-s // *[k]ˤen-s // *m-[k]ˤen-s	，		K E N // K E N // K E N	N U P
14	1	4	曰	曰	say	hjwot	*[ɢ]ʷat	：		K w A T	K E N // K E N // K E N
15	1	5	昔	昔	past	sjek	*[s]Ak			S A K	K w A T
16	1	5	周	周	Zhou (clan name)	tsyuw	*tiw			T I W	S A K
17	1	5	室	室	house	syit	*s.ti[t]			S . T I T	T I W
18	1	5	之	之	nominalization marker	tsyi	*tə			T Ə	S . T I T
19	1	5	邦	邦	state	paewng	*pˤroŋ			P R O N	T Ə
20	1	5	魯	魯	Lu (place name)	luX	! *r.ŋˤaʔ // *[r]ˤaʔ		∟punctuation 	R . N A K // R A K	P R O N
21	1	6	東	東	east	tuwng	*tˤoŋ			T O N	N Ə R
22	1	6	西	西	west	sej	*s-nˤər			N Ə R	C I T
23	1	6	七	七	seven	tshit	*[tsʰ]i[t]			C I T	P R A K
24	1	6	百	百	hundred	paek	*pˤrak	，		P R A K	N Ə M
25	1	6	南	南	south	nom	*nˤ[ə]m			N Ə M	P Ə K
26	1	6	北	北	north	pok	*pˤək			P Ə K	X . N A K
27	1	6	五	五	five	nguX	*C.ŋˤaʔ			X . N A K	P A J K
28	1	6	百	百	hundred	paek	*pˤrak	，		P R A K	N R A R
29	2	7	非	非	that	pjeX	*pajʔ			P A J K	L R A K
30	2	7	山	山	mountain	srean	*s-ŋrar			N R A R	M A // M O // M A
31	2	7	非	非	that	pjeX	*pajʔ			P A J K	K w Ə K
32	2	7	澤	澤	marsh	draek	*lˤrak	，		L R A K	P Ə
33	2	8	亡	無	not have	mju (mu)	*ma // *mo // *ma			M A // M O // M A	M I N
34	2	8	又	有	have	hjuwX	*[ɢ]ʷəʔ			K w Ə K	K R Ə M
35	2	8	不	不	not 	pjuw (bijX)	*pə			P Ə	S E W K
36	2	8	民	民	people	mjin	*mi[ŋ]	。	∟punctuation 	M I N	N Ə
37	2	9	今	今	today	kim	*[k]r[ə]m			K R Ə M	L O K
38	2	9	邦	邦	state	paewng	*pˤroŋ			P R O N	X . K U R
39	2	9	⿱爾心	彌	more	mjie	*m-nə[r]			N Ə R	K Ə
40	2	9	少	小	small	sjewX	*[s]ewʔ			S E W K	T A
41	2	9	而	而	conjunction	nyi	*nə			N Ə	L A J K
42	2	9	鍾	鍾	bell	tsyowng	*toŋ			T O N	N E W
43	2	9	愈	愈	more	yuX	*loʔ			L O K	K A N K
44	2	9	大	大	big	dajH	*lˤa[t]-s	，		L A T	S . T U N
45	2	10	君	君	her majesty	kjun	*C.qur			X . K U R	P O N
46	2	10	亓	其	modal particle	gi	*gə			K Ə	K A
47	2	10	⿱者心	圖	intend	du	*[d]ˤa			T A	T A K
48	2	10	之	之	anaphoric substitute of the object	tsyi	*tə			T Ə	P U K
49	2	10	也	也	modal particle	yaeX (dzyoX)	*lAjʔ	。		L A J K	S . T R Ə
50	2	11	昔	昔	past	sjek	*[s]Ak			S A K	P A K
51	2	11	堯	堯	Yao (personal name)	ngew	*[ŋ]ˤew			N E W	L I N // K R A K
52	2	11	之	之	conjunction	tsyi	*tə			T Ə	C E J K
53	2	11	卿	饗	banquet	xjangX	*qʰaŋʔ			K A N K	P R Ə N
54	2	11	⿳允火土	舜	Shun (personal name)	sywinH	*[s.t]u[n]-s			S . T U N	M R Ə J K
55	2	11	也	也	modal particle	yaeX (dzyoX)	*lAjʔ	，		L A J K	T Ə K
56	2	12	飯	飯	eat	bjonX	*bo[n]ʔ			P O N	K A K
57	2	12	於	於	preposition	u	*[ʔ]ˤa			K A	K R Ə K
58	2	12	土	土	terracotta	thuX (duX)	*tʰˤaʔ			T A K	N A N // N A N // N A N // N A R
59	2	12	⿰車留	塯	vessel	pjuwX (bijX)	*p(r)uʔ	，		P U K	N O N
60	2	13	欲	欼	drink	tsrhiX	*s.tʰrə		error	S . T R Ə	K O N
61	2	13	於	於	preposition	u	*[ʔ]ˤa			K A	K w R Ə K
62	2	13	土	土	terracotta	thuX (duX)	*tʰˤaʔ			T A K	K Ə N
63	2	13	型	鉶	cup	heng	*gˤeŋ	，		K E N	R A N // K A N
64	3	14	而	而	conjunction	nyi	*nə			N Ə	L Ə K
65	3	14	⿰亡攴	撫	appease	phjuX	*[pʰ](r)aʔ			P A K	K R A N K
66	3	14	又	有	have	hjuwX	*[ɢ]ʷəʔ			K w Ə K	P I T
67	3	14	天下	天下	world	then haeH	*l̥ˤi[n] // *m-gˤraʔ-s	，		L I N // K R A K	L Ə N
68	3	15	此	此	this	tshjeX	*[tsʰ]e(j)ʔ			C E J K	K A J K // L Ə K
69	3	15	不	不	negative adverb	pjuw (bijX)	*pə			P Ə	X . L R Ə
70	3	15	貧	貧	poor	bin	*[b]rə[n]			P R Ə N	T I W // T Ə K
71	3	15	於	於	preposition	u	*[ʔ]ˤa			K A	T E K
72	3	15	𣁋	美	beauty	mijX	*[m]rəjʔ			M R Ə J K	C Ə N
73	3	15	而	而	conjunction	nyi	*nə			N Ə	X . K U R // C Ə K // C Ə K
74	3	15	⿰示富	富	rich	pjuwH	*pək-s			P Ə K	K A J K
75	3	15	於	於	preposition	u	*[ʔ]ˤa			K A	T R E
76	3	15	惪	德	virtue	tok	*tˤək			T Ə K	T U K
77	3	15	與	歟	modal particle	yo / yoX / yoH	*ɢ(r)a(ʔ)(-s)	？	- (mark)	K A K	P R E N K / P R E N / P E N K / P E N K / P E N
78	3	16	昔	昔	past	sjek	*[s]Ak			S A K	K E M
79	3	16	周	周	Zhou (clan name)	tsyuw	*tiw			T I W	N I N
80	37	16	室	室	house	syit	*s.ti[t]			S . T I T	C Ə
81	37	16	又	有	have	hjuwX	*[ɢ]ʷəʔ			K w Ə K	M O
82	37	16	戒	戒	warn	keajH	*kˤrək-s			K R Ə K	K w Ə N
83	37	16	言	言	word	ngjon	! *ŋa[n] // *ŋa[n] // *ŋa[n] // *ŋa[r]			N A N // N A N // N A N // N A R	K I N
84	37	16	曰	曰	say	hjwot	*[ɢ]ʷat	：		K w A T	M U N
85	37	17	牪	願	desire	ngjwonH	*[ŋ]o[n]-s			N O N	M Ə . R Ə N
86	37	17	尔	而	conjunction	nyi	*nə			N Ə	M R A N
87	37	17	正	正	contend	tsyengH	*teŋ-s			T E N	C Ə K
88	37	17	⿰示工	功	merit	kuwng	*kˤoŋ	，		K O N	L I W
89	37	18	不	不	negative adverb	pjuw (bijX)	*pə			P Ə	T A N
90	37	18	牪	願	desire	ngjwonH	*[ŋ]o[n]-s			N O N	N A N
91	37	18	而	而	conjunction	nyi	*nə			N Ə	K O N K
92	37	18	或	域	territory	hwik	*[ɢ]ʷrək	I do not exclude the hypothesis that this huo should be read ad litteram		K w R Ə K	M A N
93	37	18	興	興	flourish	xing	*qʰ(r)əŋ	，		K Ə N	K A N // K A N
94	37	19	或	域	territory	hwik	*[ɢ]ʷrək	I do not exclude the hypothesis that this huo should be read ad litteram		K w R Ə K	K Ə . L U K
95	37	19	康	康	tranquil	khang	! *k-r̥ˤaŋ // *[kʰ]ˤaŋ			R A N // K A N	K A K // K A K
96	37	19	以	以	preposition	yiX	*ləʔ		- mark	L Ə K	C O K
97	37	19	兇	凶	misfortune	xjowng	*qʰ(r)oŋ	，		K O N	L A J // P A K
98	37	20	保	保	guard	pawX	*pˤuʔ			P U K	N A K
99	41	20	競	境	border	kjaengX	*[k]raŋʔ			K R A N K	X . K w R A K // N I N
100	41	20	必	必	must	pjit	*pi[t]			P I T	C Ə K // C Ə K // T Ə K
101	41	20	⿱亠舛⿳几力	勝	win 	sying	*l̥əŋ	，		L Ə N	L I T
102	41	21	可以	可以	can	khaX yiX	*[k]ʰˤa[j]ʔ // *ləʔ			K A J K // L Ə K	L I N
103	41	21	又	有	have	hjuwX	*[ɢ]ʷəʔ			K w Ə K	R I N
104	41	21	⿰台⿹𠃌一⿱心	治	govern	dri	*C.lrə			X . L R Ə	P U T // P U T // P U T
105	41	21	邦	邦	state	paewng	*pˤroŋ	。		P R O N	C I N
106	41	22	周 ⿱艸寺	周志	Zhou zhi (Documents)	tsyuw tsyiH	*tiw // *tək-s			T I W // T Ə K	T Ə N
107	41	22	是	是	this	dzyeX	*[d]eʔ			T E K	M U T
108	41	22	廌	存	be present	dzwon	*[dz]ˤə[n]	。		C Ə N	C U K
109	41	23	⿵戕口 公	莊公	duke Zhuang (personal name)	tsrjang kuwng	*[ts]raŋ // *C.qˤoŋ			C R A N // X . K O N	L A P
110	41	23	曰	曰	say	hjwot	*[ɢ]ʷat	：		K w A T	K A T
111	4	24	今	今	today	kim	*[k]r[ə]m			K R Ə M	N A
112	4	24	天下	天下	world	then haeH	*l̥ˤi[n] // *m-gˤraʔ-s			L I N // K R A K	N Ə N K // N Ə K
113	4	24	之	之	conjunction	tsyi	*tə			T Ə	M A J K
114	4	24	君子	君子	the noble man	kjun tsiX	*C.qur // ! *[ts]əʔ // *tsəʔ			X . K U R // C Ə K // C Ə K	L E N
115	4	24	既	既	aspect marker	kj+jH	*[k]ə[t]-s			K Ə T	T R U K
116	4	24	可	可	can	khaX	*[k]ʰˤa[j]ʔ			K A J K	C I M
117	4	24	智	知	know	trje	*tre			T R E	K U M // C U K
118	4	24	已	已	modal particle	yiX (yiH)	*ɢ(r)əʔ	，		K Ə K	N R A WK
119	4	25	⿳艸亠口⿱曰	孰	who	dzyuwk	*[d]uk			T U K	K A // K A // K A
120	4	25	能	能	can	noj	*nˤə			N Ə	N E T
121	4	25	并	併	unite	beangX / beangH / bengX / pijengX / pijengH	*bˤreŋʔ / *bˤreŋ-s / *bˤeŋʔ / *peŋʔ / *peŋ-s 			P R E N K / P R E N / P E N K / P E N K / P E N	M Ə N
122	4	25	兼	兼	together	kem	*[k]ˤem			K E M	N I J
123	4	25	人	人	person	nyin	*ni[ŋ]		- mark	N I N	K R A N
124	5	25	才	哉	modal particle	tsoj // tsoj	*[ts]ˤə	？		C Ə	K E M // K Ə P
125	5	26	⿰告攴 ⿱萬土	曹沫	Cao Mo (personal name)	dzaw mat	*N-tsˤu // *mˤat			C U // M A T	X . M A N // M I N
126	5	26	曰	曰	say	hjwot	*[ɢ]ʷat	：		K w A T	S Ə J
127	5	27	君	君	her majesty	kjun	*C.qur			X . K U R	K w E N
128	5	27	亓	其	modal particle	gi	*gə			K Ə	X . N I N
129	5	27	毋	毋	negative adverb	mju	*mo			M O	X . M U N
130	5	27	員	云	say	hjun	*[ɢ]ʷə[n]	。		K w Ə N	K O K
131	5	28	臣	臣	minister	dzyin	*[g]i[ŋ]			K I N	C Ə J
132	5	28	䎽	聞	hear	mjun	*mu[n]			M U N	T A R
133	5	28	之	之	cataphoric substitute of the object	tsyi	*tə			T Ə	L R I N
134	5	28	曰	曰	say	hjwot	*[ɢ]ʷat	：		K w A T	K E
135	5	29	⿳吅文心	鄰	neighbor	lin	*(mə.)rə[n]			M Ə . R Ə N	S . T U K
136	5	29	邦	邦	state	paewng	*pˤroŋ			P R O N	P E N
137	5	29	之	之	conjunction	tsyi	*tə			T Ə	T U P
138	5	29	君	君	sovereign	kjun	*C.qur			X . K U R	M Ə
139	5	29	明	明	enlighten	mjaeng	*mraŋ	，		M R A N	S . R U M
140	5	30	則	則	conjunction	tsok	*[ts]ˤək			C Ə K	C A
141	5	30	不	不	negative adverb	pjuw (bijX)	*pə			P Ə	T Ə // K R E N // K R E N // K R E N
142	5	30	可以	可以	can	khaX yiX	*[k]ʰˤa[j]ʔ // *ləʔ			K A J K // L Ə K	K R A W
143	5	30	不	不	negative adverb	pjuw (bijX)	*pə			P Ə	L E J
144	5	30	攸	修	improve	sjuw	*s-liw			L I W	S Ə R
145	5	30	政	政	government	tsyengH	*teŋ-s			T E N	C A K 
146	5	30	而	而	conjunction	nyi	*nə			N Ə	K O R
147	5	30	善	善	good	dzyenX	*[d]a[n]ʔ			T A N	K A N
148	5	30	於	於	preposition	u	*[ʔ]ˤa			K A	
149	5	30	民	民	people	mjin	*mi[ŋ]	。		M I N	K R A K
150	5	31	不	不	negative adverb	pjuw (bijX)	*pə			P Ə	K Ə P
151	5	31	肰	然	like that	nyen	*[n]a[n]	，		N A N	Kw A J
152	5	32	⿱壬心	任	appoint	khjowngX	*kʰ(r)oŋʔ			K O N K	C I J
153	5	32	亡	亡	perish	mjang	*maŋ			M A N	C Ə K // C Ə K
154	5	32	⿱女一	焉	in it	jen // hjen ('jon)	*[ʔ]a[n] // *ʔa[n]	。		K A N // K A N	N R A K
155	6	33	⿱吅文	鄰	neighbor	lin	*(mə.)rə[n]			M Ə . R Ə N	M «-» R Ə K
156	6	33	邦	邦	state	paewng	*pˤroŋ			P R O N	P E N // P E K
157	6	33	之	之	conjunction	tsyi	*tə			T Ə	N U P // N U P
158	6	33	君	君	sovereign	kjun	*C.qur			X . K U R	Kw A K
159	6	33	亡	亡	not have	mjang	*maŋ			M A N	T A N K
160	6	33	道	道	way	dawX	*[kə.l]ˤuʔ	，		K Ə . L U K	K R A P
161	6	34	則	則	conjunction	tsok	*[ts]ˤək			C Ə K	X . R I T
162	6	34	亦	亦	aso	yek // yek	! *ɢ(r)Ak // *[ɢ](r)Ak			K A K // K A K	P R A N
163	6	34	不	不	negative adverb	pjuw (bijX)	*pə			P Ə	S Ə M
164	6	34	可以	可以	can	khaX yiX	*[k]ʰˤa[j]ʔ // *ləʔ			K A J K // L Ə K	Kw R A J // Kw R A J
165	6	34	不	不	negative adverb	pjuw (bijX)	*pə			P Ə	«N» T R A N
166	6	34	攸	修	improve	sjuw	*s-liw			L I W	K O J
167	6	34	政	政	government	tsyengH	*teŋ-s			T E N	K U T
168	6	34	而	而	conjunction	nyi	*nə			N Ə	L A K // L A K
169	6	34	善	善	good	dzyenX	*[d]a[n]ʔ			T A N	T E K // K A K // K A K
170	6	34	於	於	preposition	u	*[ʔ]ˤa			K A	P A // P A // P R A
171	6	34	民	民	people	mjin	*mi[ŋ]	。		M I N	S . K R A W
172	6	35	不	不	negative adverb	pjuw (bijX)	*pə			P Ə	M A T
173	6	35	肰	然	like that	nyen	*[n]a[n]	，		N A N	L U
174	6	36	亡	亡	not have	mjang	*maŋ			M A N	X . P Ə N K
175	6	36	以	以	preposition	yiX	*ləʔ			L Ə K	N A // T Ə // K A J
176	6	36	取	取	take	tshuwX	*tsʰˤoʔ			C O K	X Ə . L O T
177	6	36	之	之	anaphoric substitute of the object	tsyi	*tə	。		T Ə	P A T
178	7	37	莊公	莊公	duke Zhuang (personal name)	tsrjang kuwng	*[ts]raŋ // *C.qˤoŋ			C R A N // X . K O N	C U J K
179	7	37	曰	曰	say	hjwot	*[ɢ]ʷat	:		K w A T	C E WK
180	7	38	昔	昔	past	sjek	*[s]Ak			S A K	P Ə N
181	7	38	沱舶	施伯	Shi Bo (personal name)	da phak	*l̥aj // *pʰˤak			L A J // P A K	K U K
182	7	38	語	語	tell	ngjoH	ŋ(r)aʔ-s			N A K	K U R
183	7	38	寡人	寡人	I miserable	kwaeX nyin 	*[C.k]ʷˤraʔ // *ni[ŋ]			X . K w R A K // N I N	K U J
184	7	38	曰	曰	say	hjwot	*[ɢ]ʷat	：		K w A T	L O N
185	7	39	君子	君子	the noble man	kjun	*C.qur			X . K U R	T Ə N K
186	7	39	⿱貝又	得	obtain	tsiX tok	! *[ts]əʔ // *tsəʔ // *tˤək			C Ə K // C Ə K // T Ə K	R O K
187	7	39	之	之	this	tsyi	*tə			T Ə	S . T Ə
188	7	39	⿺辶⿱止羍	失	loose	syit	*l̥i[t]			L I T	X . K Ə J K
189	7	39	之	之	this	tsyi	*tə	，		T Ə	L Ə J K
190	7	40	天	天	heave	then	*l̥ˤi[n]			L I N	M Ə K
191	7	40	命	命	mandate	mjaengH	*m-riŋ-s	。	∟punctuation 	R I N	K Ə R
192	7	41	含	今	today	kim	*[k]r[ə]m			K R Ə M	R U T // R U T // R U T // R U T
193	7	41	異	異	different	yiH	*ɢ(r)ək-s			K Ə K	C A N // K Ə R
194	7	41	於	於	preposition	u	*[ʔ]ˤa			K A	P E K
195	7	41	而	爾	you	nyeX	*n[ə][r]ʔ			N Ə R	L A T // P A // P A // P R A
196	7	41	言	言	word	ngjon	! *ŋa[n] // *ŋa[n] // *ŋa[n] // *ŋa[r]	。	∟punctuation 	N A N // N A N // N A N // N A R	Kw A N
197	7	42	⿰告攴 𥣫	曹沫	Cao Mo (personal name)	dzaw mat	*N-tsˤu // *mˤat			C U // M A T	S R I J
198	7	42	曰	曰	say	hjwot	*[ɢ]ʷat	：		K w A T	X . K O N // S U N
199	8	43	亡	亡	not have	mjang	*maŋ			M A N	X . K O N // C Ə K // C Ə K
200	8	43	異	異	different	yiH	*ɢ(r)ək-s			K Ə K	L Ə
201	8	43	於	於	preposition	u	*[ʔ]ˤa			K A	C O N // C O N // C O N
202	8	43	臣	臣	minister	dzyin	*[g]i[ŋ]			K I N	K O P
203	8	43	之	之	conjunction	tsyi	*tə			T Ə	N A R
204	8	43	言	言	word	ngjon	! *ŋa[n] // *ŋa[n] // *ŋa[n] // *ŋa[r]			N A N // N A N // N A N // N A R	T . K R A
205	8	44	君	君	her majesty	kjun	*C.qur			X . K U R	K R E N // K R E N // K R E N
206	8	44	弗	弗	negative adverb	pjut	! *put // *p[u]t // *put			P U T // P U T // P U T	K R O N
207	8	44	⿹聿彡	盡	fully understand	tsinX	*tsi[n]ʔ	。	∟punctuation 	C I N	K R Ə P
208	8	45	臣	臣	minister	dzyin	*[g]i[ŋ]			K I N	M T R O N
209	8	45	䎽	聞	hear	mjun	*mu[n]			M U N	R Ə K // R Ə K
210	8	45	之	之	cataphoric substitute of the object	tsyi	*tə			T Ə	C E N
211	8	45	曰	曰	say	hjwot	*[ɢ]ʷat	：		K w A T	K A N // X Ə . K R A N // K R A N
212	8	46	君子	君子	the noble man	kjun tsiX	*C.qur // ! *[ts]əʔ // *tsəʔ			X . K U R // C Ə K // C Ə K	K R O K
213	9	46	以	以	preposition	yiX	*ləʔ			L Ə K	«?»
214	9	46	⿰臣⿱口又	賢	sage	hen	*[g]ˤi[n]			K I N	T O R K
215	9	46	爯	稱	denomination	tsyhing	*tʰəŋ			T Ə N	T . K Ə P
216	9	46	而	而	conjunction	nyi	*nə			N Ə	K I T
217	9	46	⿺辶⿱止羍	失	loose	syit	*l̥i[t]			L I T	T . L A J
218	9	46	之	之	anaphoric substitute of the object	tsyi	*tə	，		T Ə	S . L I J
219	9	47	天	天	heaven	then	*l̥ˤi[n]			L I N	K R I J
220	9	47	命	命	mandate	mjaengH	*m-riŋ-s	;	∟punctuation 	R I N	T U R
221	9	48	以	以	preposition	yiX	*ləʔ			L Ə K	Kw R A K
222	9	48	亡	亡	not have	mju (mu)	*ma // *mo // *ma			M A // M O // M A	S I J K
223	9	48	道	道	way	dawX	*[kə.l]ˤuʔ			K Ə . L U K	C O K  // L Ə K
224	9	48	爯	稱	denomination	tsyhing	*tʰəŋ	，		T Ə N	K O R K
225	9	48	而	而	conjunction	nyi	*nə			N Ə	N R Ə
226	9	48	⿱回又	沒	extinguish	mwot (dring)	*mˤut			M U T	R Ə K // R Ə K // N I N
227	9	48	身	身	body	syin	*n̥i[ŋ]			N I N	C U P
228	9	48	⿺辶⿳亠口曰⿱京	就	go	dzjuwH	*[dz]u[k]-s			C U K	N R A J
229	9	48	⿱亡⿰歺力	死	death	syejH	*l̥ap-s	，		L A P	N A // K A J
230	9	49	亦	亦	also	yek // yek	! *ɢ(r)Ak // *[ɢ](r)Ak			K A K // K A K	S . P I T
231	9	49	天	天	heaven	then	*l̥ˤi[n]			L I N	R A W
232	9	49	命	命	mandate	mjaengH	*m-riŋ-s	。		R I N	X . Kw A R
233	9	50	不	不	negative adverb	pjuw (bijX)	*pə			P Ə	P I T // P A // P A // P R A
234	9	50	肰	然	like that	nyen	*[n]a[n]	，		N A N	X . K R A K // M Ə . P Ə K
235	9	51	君子	君子	the noble man	kjun tsiX	*C.qur // ! *[ts]əʔ // *tsəʔ			X . K U R // C Ə K // C Ə K	N R O K // S . K O N
236	9	51	以	以	preposition	yiX	*ləʔ			L Ə K	C O K 
237	9	51	⿰臣⿱口又	賢	sage	hen	*[g]ˤi[n]			K I N	T R U N
238	9	51	爯	稱	denomination	tsyhing	*tʰəŋ	，		T Ə N	X . Kw I N
239	9	52	害	曷	how	hat	*[g]ˤat			K A T	L A K
240	9	52	又	有	have	hjuwX	*[ɢ]ʷəʔ			K w Ə K	C U T // C U T
241	9	52	弗	弗	negative adverb	pjut	! *put // *p[u]t // *put			P U T // P U T // P U T	R U T
242	10	52	⿱貝又	得	obtain	tok	*tˤək	？		T Ə K	T I N
243	10	53	以	以	preposition	yiX	*ləʔ			L Ə K	N R A M
244	10	53	亡	亡	not have	mju (mu)	*ma // *mo // *ma			M A // M O // M A	S . T E W K
245	10	53	道	道	way	dawX	*[kə.l]ˤuʔ			K Ə . L U K	X . K Ə P
246	10	53	爯	稱	denomination	tsyhing	*tʰəŋ	，		T Ə N	L E K // L E K
247	10	54	害	曷	how	hat	*[g]ˤat			K A T	C R E T
248	10	54	又	有	have	hjuwX	*[ɢ]ʷəʔ			K w Ə K	K E N K
249	10	54	弗	弗	negative adverb	pjut	! *put // *p[u]t // *put			P U T // P U T // P U T	K E // N A
250	10	54	⿺辶⿱止羍	失	loose	syit	*l̥i[t]	？	∟punctuation 	L I T	T I J K // R A T
251	10	55	⿵戕口 公	莊公	duke Zhuang (personal name)	tsrjang kuwng	*[ts]raŋ // *C.qˤoŋ			C R A N // X . K O N	N A J K
252	10	55	曰	曰	say	hjwot	*[ɢ]ʷat	：		K w A T	K Ə J
253	10	56	曼	慢	late	"	maenH"	*mˤra[n]-s			M R A N	P E
254	10	56	才	哉	modal particle	tsoj // tsoj	*[ts]ˤə	，		C Ə	C A M
255	10	57	⿸虍壬	吾	I	ngu	*ŋˤa			N A	S . K O R K
256	10	57	䎽	聞	hear	mjun	*mu[n]			M U N	M Ə T
257	10	57	此	此	this	tshjeX	*[tsʰ]e(j)ʔ			C E J K	P A N K
258	10	57	言	言	word	ngjon	! *ŋa[n] // *ŋa[n] // *ŋa[n] // *ŋa[r]	。		N A N // N A N // N A N // N A R	C R A N
259	10	58	乃	乃	conjunction	nojX	! *nˤə(ŋ)ʔ // *nˤəʔ			N Ə N K // N Ə K	X . K O N // K Ə K
260	10	58	命	命	order	mjaengH	*m-riŋ-s			R I N	S O K
261	10	58	毀	毀	destroy	xjweX	*[m̥](r)ajʔ			M A J K	X Ə . P R A K
262	10	58	鍾	鍾	bell	tsyowng	*toŋ			T O N	K E K / K I J K // C I K
263	10	58	型	型	shape	heng	*gˤeŋ			K E N	P R A T
264	10	58	而	而	conjunction	nyi	*nə			N Ə	S A R
265	10	58	聖	聽	listen	theng	*l̥ˤeŋ			L E N	T R O
266	10	58	邦	邦	state	paewng	*pˤroŋ			P R O N	X Ə . K R O K
267	10	58	政	政	government	tsyengH	*teŋ-s	。		T E N	K I W
268	10	59	不	不	negative adverb	pjuw (bijX)	*pə			P Ə	L A N
269	11	59	晝	晝	day	trjuwH	*truk-s			T R U K	P R U K
270	11	59	⿱宀⿰帚戈	寢	sleep	tshimX	*[tsʰ]imʔ	，		C I M	P R A K // S E N
271	11	60	不	不	negative adverb	pjuw (bijX)	*pə			P Ə	X . K Ə K
272	11	60	酓 	飲酒	drink wine	imX tsjuwX	*q(r)[u]mʔ // *tsuʔ	合文，	合文	K U M // C U K	L R O T
273	11	61	不	不	negative adverb	pjuw (bijX)	*pə			P Ə	X . M A N
274	11	61	聖	聽	listen	theng	*l̥ˤeŋ			L E N	K R O J K
275	11	61	樂	樂	music	ngaewk	*[ŋ]ˤrawk	，		N R A WK	Kw Ə J K
276	11	62	居	居	stay	kjo // kjo // kjoH (ki)	*k(r)a // *ka // *k(r)a-s			K A // K A // K A	S R E N
277	11	62	不	不	negative adverb	pjuw (bijX)	*pə			P Ə	M R O R K
278	11	62	𧜼	褻	dress	sjet	*s-ŋet			N E T	X . K R A K // N I N
279	11	62	⿳民且又	文	adorn	mjun	*mə[n]	，		M Ə N	X Ə . L U N
280	11	63	⿰食人	食	eat	zyik	*mə-lək			L Ə K	X Ə . P A N K
281	11	63	不	不	negative adverb	pjuw (bijX)	*pə			P Ə	T E W K
282	11	63	⿹弍月	貳	duplicate	nyijH	*ni[j]-s			N I J	K U J // N I N
283	12	63	⿲弓采弓⿱皿	羹	soup	kaeng	*kˤraŋ	，		K R A N	R Ə P
284	12	64	兼㤅	兼愛	universal love	kem ojH	*[k]ˤem // *[q]ˤə[p]-s			K E M // K Ə P	K R A J // M «-» R Ə K
285	12	64	⿱萬土民	萬民	thousand people	mjonH mjin	*C.ma[n]-s // *mi[ŋ]			X . M A N // M I N	T . K A K
286	12	65	而	而	conjunction	nyi	*nə			N Ə	M A K
287	12	65	亡	亡	negative adverb	mjang	*maŋ			M A N	P A N
288	12	65	又	有	have	hjuwX	*[ɢ]ʷəʔ			K w Ə K	X Ə . K A W
289	12	65	厶	私	private interest	sij	*[s]əj			S Ə J	R I N // R I N // R I N
290	12	65	也	也	modal particle	yaeX (dzyoX)	*lAjʔ	。		L A J K	M R A N // X . N I K
291	12	66	還	還	following	hwaen	*[ɢ]ʷˤen			K w E N	C R Ə K
292	12	66	年	年	year	nen	*C.nˤi[ŋ]			X . N I N	M R A J K
293	12	66	而	而	conjunction	nyi	*nə			N Ə	L E P
294	12	66	⿱宀䎽	問	ask	mjunH	*C.mu[n]-s			X . M U N	M Ə . R Ə K
295	12	66	於	於	preposition	u	*[ʔ]ˤa			K A	C I N K
296	12/13	66	⿰告攴 ⿰蔑攵	曹沫	Cao Mo (personal name)	dzaw mat	*N-tsˤu // *mˤat			C U // M A T	R A N K
297	13	66	曰	曰	say	hjwot	*[ɢ]ʷat	：		K w A T	«N» Ə . C U K
298	13	67	⿸虍壬	吾	I	ngu	*ŋˤa			N A	P R A K // T A
299	13	67	欲	欲	desire	yowk	*ɢ(r)ok			K O K	N Ə R K
300	13	67	與	與	preposition	yoX	*m-q(r)aʔ			K A K	P R A
301	13	67	齊	齊	Qi (place name)	dzej (tsjwe)	*[dz]ˤəj			C Ə J	K R Ə
302	13	67	⿰嘼戈	戰	war	tsyenH	*tar-s	，		T A R	T E T
303	13	68	䎽	問	ask	mjunH	*C.mu[n]-s			X . M U N	L R I T
304	13	68	⿰申戈	陳	battle array	drin	*lri[n]			L R I N	X . R A K
305	13	68	⿳爫人系	奚	how	hej	*[g]ˤe			K E	K A M
306	13	68	女	如	how	nyo	*na	？		N A	M U K
307	13	69	⿰單犬	守	preserve	syuwH	*s.tuʔ-s			S . T U K	K R O M K
308	13	69	⿰臱阝	邊	frontier 	pen	*pˤe[n]			P E N	M Ə . K I J K
309	13	69	城	城	town	dzyeng	*[d]eŋ			T E N	S Ə K
310	13	69	⿳爫人系	奚	how	hej	*[g]ˤe			K E	L O N K
311	13	69	女	如	how	nyo	*na	？		N A	M A N K
312	13	70	⿱艸⿰告攴 ⿱艸⿰蔑攵	曹沫	Cao Mo (personal name)	dzaw mat	*N-tsˤu // *mˤat			C U // M A T	K R O M
313	13	70	⿱合曰	答	reply	top	*[t]ˤ[u]p			T U P	L U K
314	13	70	曰	曰	say	hjwot	*[ɢ]ʷat	：		K w A T	T O K
315	13	71	臣	臣	minister	dzyin	*[g]i[ŋ]	【		K I N	R A N
316	13	71	䎽	聞	hear	mjun	*mu[n]			M U N	Kw A N K
317	13	71	之	之	this	tsyi	*tə	：		T Ə	X . N Ə K // N Ə K
318	13	72	又	有	have	hjuwX	*[ɢ]ʷəʔ			K w Ə K	X . K R Ə K
319	13	72	固	固	solid	kuH	*[k]ˤa-s			K A	N A N // K R O K
320	13	72	⿱母心	謀	plan	mjuw	*mə			M Ə	C R A K
321	13	72	而	而	conjunction	nyi	*nə			N Ə	K R A
322	13	72	亡	亡	not have	mjang	*maŋ			M A N	K R U
323	13	72	固	固	solid	kuH	*[k]ˤa-s			K A	K A R
324	13	72	城	城	town	dzyeng	*[d]eŋ	；		T E N	K R E
325	14	73	又	有	have	hjuwX	*[ɢ]ʷəʔ			K w Ə K	T A // K R O
326	14	73	克	克	capable	khok	*kʰˤək			K Ə K	X . K R A K
327	14	73	正	正	government	tsyengH	*teŋ-s			T E N	Kw A R
328	14	73	而	而	conjunction	nyi	*nə			N Ə	K U J K
329	14	73	亡	亡	not have	mjang	*maŋ			M A N	X Ə . L I N
330	14	73	克	克	capable	khok	*kʰˤək			K Ə K	P Ə J
331	14	73	陳⿰申戈	陳	battle array	drin	*lri[n]	。】		L R I N	Kw I J
332	14	74	三	三	three 	sam	*s.rum			S . R U M	"«	» K Ə"
333	14	74	弋	代	dynasty	dojH	*lˤək-s			L Ə K	T I T
334	14	74	之	之	conjunction	tsyi	*tə			T Ə	K Ə K // T A K
335	14	74	⿰申戈	陳	battle array	drin	*lri[n]			L R I N	K R A K // K R A K
336	14	74	皆	皆	all	tsinX	*tsi[n]ʔ			C I N	K A M K
337	14	74	廌	存	be present	dzwon	*[dz]ˤə[n]	。		C Ə N	K R A M K
338	14	75	或	或	some	hwok	*[ɢ]ʷˤək			K w Ə K	L A N // R A N
339	14	75	以	以	preposition	yiX	*ləʔ			L Ə K	K A T // K A T
340	14	75	克	克	defeat 	khok	*kʰˤək	，		K Ə K	
341	14	76	或	或	some	hwok	*[ɢ]ʷˤək			K w Ə K	
342	14	76	以	以	preposition	yiX	*ləʔ			L Ə K	
343	14	76	亡	亡	flee	mjang	*maŋ	。		M A N	
344	14	77	⿰虘又	且	conjunction	tsjo	*tsa			C A	
345	14	77	臣	臣	minister	dzyin	*[g]i[ŋ]			K I N	
346	14	77	之	之	conjunction	tsyi	*tə			T Ə	
347	14	77	䎽	聞	hear	mjun	*mu[n]			M U N	
348	14	77	之	之	this	tsyi	*tə	：		T Ə	
349	14	78	少	小	small	sjewX	*[s]ewʔ			S E W K	
350	14	78	邦	邦	state	paewng	*pˤroŋ			P R O N	
351	14	78	凥	居	stay	kjo // kjo // kjoH (ki)	*k(r)a // *ka // *k(r)a-s			K A // K A // K A	
352	14	78	大	大	big	dajH	*lˤa[t]-s			L A T	
353	14	78	邦	邦	state	paewng	*pˤroŋ			P R O N	
354	14	78	之 ⿵門⿰夕刀	之間	between	tsyi hean // kean // kean	*tə // ! *N-kˤre[n] // *kˤre[n] // *kˤre[n]	,		T Ə // K R E N // K R E N // K R E N	
355	14	79	啻	敵	enemy	dek	*[d]ˤek			T E K	
356	14	79	邦	邦	state	paewng	*pˤroŋ			P R O N	
357	17	79	交	交	exchange	kaew	*[k]ˤraw			K R A W	
358	17	79	陀	地	land	dijH	*[l]ˤej-s	，		L E J	
359	17	80	不	不	negative adverb	pjuw (bijX)	*pə			P Ə	
360	17	80	可以	可以	can	khaX yiX	*[k]ʰˤa[j]ʔ // *ləʔ	[ before 以		K A J K // L Ə K	
361	17	80	先	先	before	sen	*sˤər			S Ə R	
362	17	80	⿱乍又	作	do	tsuH	*[ts]ˤak-s			C A K 	
363	17	80	悁	怨	complain	jwonH	*[ʔ]o[r]-s	，		K O R	
364	17	81	疆	疆	border	kjang	*kaŋ			K A N	
365	17	81	⿱陀土	地	land	dijH	*[l]ˤej-s			L E J	
366	17	81	毋	毋	negative adverb	mju	*mo			M O	
367	17	81	先	先	before	sen	*sˤər			S Ə R	
368	17	82	而	而	conjunction	nyi	*nə			N Ə	
369	17	82	必	必	must	pjit	*pi[t]			P I T	
370	17	82	取	取	take	tshuwX	*tsʰˤoʔ			C O K	
371	17	82	/	/	/						
372	17	82	⿱女一	焉	in it	jen // hjen ('jon)	*[ʔ]a[n] // *ʔa[n]	，		K A N // K A N	
373	17	83	所	所	nominalization marker	srjoX // xuX	! *s-qʰaʔ // *qʰaʔ			K A K // K A K	
374	17	83	以	以	preposition	yiX	*ləʔ			L Ə K	
375	17	83	佢	拒	resist	gjoX	*g(r)aʔ			K R A K	
376	17	83	⿰臱阝	邊	frontier 	pen	*pˤe[n]	；	∟ punctuation 	P E N	
377	17	84	毋	毋	negative adverb	mju	*mo			M O	
378	17	84	㤅	愛	love	ojH	*[q]ˤə[p]-s			K Ə P	
379	17	84	貨	貨	commodities	xwaH	*qʷʰˤaj-s			Kw A J	
380	17	84	⿰貝次	資	goods	tsij	*[ts]ij	、		C I J	
381	17	84	子	子	son	tsiX	! *[ts]əʔ // *tsəʔ			C Ə K // C Ə K	
382	17	84	女	女	woman	nrjoX	*nraʔ	，		N R A K	
383	17	85	以	以	conjunction	yiX	*ləʔ			L Ə K	
384	17	85	事	事	serve	dzriH (tsriH)	*[m-s-]rəʔ-s			M «-» R Ə K	
385	17	85	亓	其	possessive pronoun	gi	*gə			K Ə	
386	18	85	⿰人⿱卞又 ⿺辶卑	便嬖	advisors and favourites	bjien pejH	*[b]e[n] // *pˤek-s			P E N // P E K	
387	18	86	所	所	nominalization marker	srjoX // xuX	! *s-qʰaʔ // *qʰaʔ			K A K // K A K	
388	18	86	以	以	preposition	yiX	*ləʔ			L Ə K	
389	18	86	佢	拒	resist	gjoX	*g(r)aʔ			K R A K	
390	18	86	內	內	inside	nop // nwojH	! *nˤ[u]p // *nˤ[u]p-s	；		N U P // N U P	
391	18	87	成	城	town	dzyeng	*[d]eŋ			T E N	
392	18	87	⿱⿳亠口曰⿱八干	郭	outskirts	kwak	*kʷˤak			Kw A K	
393	18	87	必	必	must	pjit	*pi[t]			P I T	
394	18	87	攸	修	improve	sjuw	*s-liw	，		L I W	
395	18	88	⿰糹⿲石火土	繕	fortify	dzyenH	*[d]a[n]ʔ-s			T A N K	
396	18	88	⿸虍羍	甲	weapon	kaep	*[k]ˤr[a]p			K R A P	
397	18	88	利	利	benefit	lijH	*C.ri[t]-s			X . R I T	
398	18	88	兵	兵	armour	pjaeng	*praŋ	，		P R A N	
399	18	89	必	必	must	pjit	*pi[t]			P I T	
400	18	89	又	有	have	hjuwX	*[ɢ]ʷəʔ			K Ə K	
401	18	89	⿰嘼戈	戰	war	tsyenH	*tar-s			T A R	
402	18	89	心	心	heart	sim	*səm			S Ə M	
403	18	90	以	以	conjunction	yiX	*ləʔ			L Ə K	
404	18	90	獸	守	preserve	syuwH	*s.tuʔ-s	，		S . T U K	
405	18	90	所	所	nominalization marker	srjoX // xuX	! *s-qʰaʔ // *qʰaʔ			K A K // K A K	
406	18	90	以	以	preposition	yiX	*ləʔ			L Ə K	
407	18	90	為	為	be	hjwe // hjweH	! *ɢʷ(r)aj // *ɢʷ(r)aj-s			Kw R A J // Kw R A J	
408	18	90	倀	長	head	drjang	*Cə-[N]-traŋ			«N» T R A N	
409	18	90	也	也	modal particle	yaeX (dzyoX)	*lAjʔ	。		L A J K	
410	18	91	⿰虘又	且	conjunction	tsjo	*tsa			C A	
411	18	91	臣	臣	minister	dzyin	*[g]i[ŋ]			K I N	
412	18	91	之	之	nominalization marker	tsyi	*tə			T Ə	
413	18	91	䎽	聞	hear	mjun	*mu[n]			M U N	
414	18	91	之	之	cataphoric substitute of the object	tsyi	*tə	：		T Ə	
415	18	92	不	不	negative adverb	pjuw (bijX)	*pə			P Ə	
416	18	92	和	和	harmony	hwa	*[ɢ]ˤoj			K O J	
417	19	92	於	於	preposition	u	*[ʔ]ˤa			K A	
418	19	92	邦	邦	state	paewng	*pˤroŋ	，		P R O N	
419	19	93	不	不	negative adverb	pjuw (bijX)	*pə			P Ə	
420	19	93	可以	可以	can	khaX yiX	*[k]ʰˤa[j]ʔ // *ləʔ			K A J K // L Ə K	
421	19	93	出	出	exit	tsyhwijH	*t-kʰut-s			K U T	
422	19	93	⿰谷象	舍	barracks	syaeH // syaeX	! *[l̥]Ak-s // *l̥Aʔ	。		L A K // L A K	
423	19	94	不	不	negative adverb	pjuw (bijX)	*pə			P Ə	
424	19	94	和	和	harmony	hwa	*[ɢ]ˤoj			K O J	
425	19	49	於	於	preposition	u	*[ʔ]ˤa			K A	
426	19	94	⿰谷象	舍	barracks	syaeH // syaeX	! *[l̥]Ak-s // *l̥Aʔ	，		L A K // L A K	
427	19	95	不	不	negative adverb	pjuw (bijX)	*pə			P Ə	
428	19	95	可以	可以	can	khaX yiX	*[k]ʰˤa[j]ʔ // *ləʔ			K A J K // L Ə K	
429	19	95	出	出	exit	tsyhwijH	*t-kʰut-s			K U T	
430	19	95	⿰申戈	陳	battle array	drin	*lri[n]	。		L R I N	
431	19	96	不	不	negative adverb	pjuw (bijX)	*pə			P Ə	
432	19	96	和	和	harmony	hwa	*[ɢ]ˤoj			K O J	
433	19	96	於	於	preposition	u	*[ʔ]ˤa			K A	
434	19	96	⿰申戈	陳	battle array	drin	*lri[n]	，		L R I N	
435	19	97	不	不	negative adverb	pjuw (bijX)	*pə			P Ə	
436	19	97	可以	可以	can	khaX yiX	*[k]ʰˤa[j]ʔ // *ləʔ			K A J K // L Ə K	
437	19	97	出	出	exit	tsyhwijH	*t-kʰut-s			K U T	
438	19	97	⿰嘼戈	戰	war	tsyenH	*tar-s	。		T A R	
439	19	98	是古	是故	conjunction	dzyeX kuH	*[d]eʔ ! // *kˤa(ʔ)-s // *kˤaʔ-s			T E K // K A K // K A K	
440	19	98	夫	夫	modal particle	bju // bju // pju	! *ba // *[b]a // *p(r)a			P A // P A // P R A	
441	19	98	⿰申戈	陳	battle array	drin	*lri[n]			L R I N	
442	19	98	者	者	nominalization marker	tsyaeX	*tAʔ	，		T A K	
443	19	99	三	三	three 	sam	*s.rum			S . R U M	
444	19	99	⿱爻言	教	teaching	kaewH	*s.kˤraw-s			S . K R A W	
445	19	99	之	之	conjunction	tsyi	*tə			T Ə	
446	20	99	末	末	peak	mat	*mˤat	。		M A T	
447	20	100	君	君	her majesty	kjun	*C.qur			X . K U R	
448	20	100	必	必	must	pjit	*pi[t]			P I T	
449	20	100	不	不	negative adverb	pjuw (bijX)	*pə			P Ə	
450	20	100	已	已	give up	yiX (yiH)	*ɢ(r)əʔ	，		K R Ə K	
451	20	101	則	則	conjunction	tsok	*[ts]ˤək			C Ə K	
452	20	101	⿰𧥧系	由	follow	yuw	*l[u]			L U	
453	20	101	亓	其	possessive pronoun	gi	*gə			K Ə	
454	20	101	⿱臼木	本	root	pwonX (thaw)	*C.pˤə[n]ʔ			X . P Ə N K	
455	20	101	⿱虎口	乎	modal particle	hu // hu	*ɢˤa	？		K A	
456	20	102	⿵戕口 公	莊公	duke Zhuang (personal name)	tsrjang kuwng	*[ts]raŋ // *C.qˤoŋ			C R A N // X . K O N	
457	20	102	曰	曰	say	hjwot	*[ɢ]ʷat	：		K A T	
458	20	103	為	為	be	hjwe // hjweH	! *ɢʷ(r)aj // *ɢʷ(r)aj-s			Kw R A J // Kw R A J	
459	20	103	和	和	harmony	hwa	*[ɢ]ˤoj			K O J	
460	20	103	於	於	preposition	u	*[ʔ]ˤa			K A	
461	20	103	邦	邦	state	paewng	*pˤroŋ			P R O N	
462	20	103	女之可	如之何	how	nyo tsyi ha	*na // *tə // *[g]ˤaj			N A // T Ə // K A J	
463	20	104	⿰告攴 ⿰蔑攵	曹沫	Cao Mo (personal name)	dzaw mat	*N-tsˤu // *mˤat			C U // M A T	
464	20	104	⿱合曰	答	reply	top	*[t]ˤ[u]p			T U P	
465	20	104	曰	曰	say	hjwot	*[ɢ]ʷat	：		K A T	
466	20	105	毋	毋	negative adverb	mju	*mo			M O	
467	20	105	⿰禾隻	穫	cut	hwak	*m-qʷˤak			Kw A K	
468	20	105	民	民	people	mjin	*mi[ŋ]			M I N	
469	20	105	旹	時	time	dzyi	*[d]ə	，		T Ə	
470	20	106	毋	毋	negative adverb	mju	*mo			M O	
471	20	106	敚	奪	take by force	dwat	*Cə.lˤot			X Ə . L O T	
472	20	106	民	民	people	mjin	*mi[ŋ]			M I N	
473	20	106	利	利	benefit	lijH	*C.ri[t]-s	。		X . R I T	
474	21	107	⿰糹⿱屮畕	陳	explain	drin	*lri[n]			L R I N	
475	21	107	攻	功	merit	kuwng	*kˤoŋ			K O N	
476	21	107	而	而	conjunction	nyi	*nə			N Ə	
477	21	107	⿰食人	食	reward with food	zyik	*mə-lək	，		L Ə K	
478	21	108	⿱开土	刑	punish	heng	*[ɢ]ˤeŋ			K E N	
479	21	108	罰	罰	execute	bjot	*[b][a]t			P A T	
480	21	108	又	有	have	hjuwX	*[ɢ]ʷəʔ			K Ə K	
481	21	108	⿱自幸	罪	crime	dzwojX	*[dz]ˤujʔ	，		C U J K	
482	21	109	而	而	conjunction	nyi	*nə			N Ə	
483	21	109	賞	賞	reward 	syangX	*s-taŋʔ			T A N K	
484	21	109	⿱竹雀	爵	honour	tsjak	*[ts]ewk			C E WK	
485	21	109	又	有	have	hjuwX	*[ɢ]ʷəʔ			K Ə K	
486	21	109	德	德	virtue	tok	*tˤək	。		T Ə K	
487	21	110	凡	凡	all	bjuwng	*bəŋ			P Ə N	
488	21	110	畜	畜	cattle	trhjuwH	*qʰuk-s			K U K	
489	21	110	群	群	group	gjun	*[g]ur			K U R	
490	21	110	臣	臣	minister	dzyin	*[g]i[ŋ]	，		K I N	
491	21	111	貴	貴	noble	kjw+jH	*kuj-s			K U J	
492	21	111	戔	賤	vulgar	dzjenH	*[dz][a][n]-s			C A N	
493	21	111	同	同	same	duwng	*lˤoŋ			L O N	
494	21	111	𣥕 	等	rang	tongX (tojX)	*tˤəŋʔ	,	correzione grafia mia	T Ə N K	
495	21	112	⿱夕录	祿	emolument	luwk	*[r]ˤok			R O K	
496	21	112	毋	毋	negative adverb	mju	*mo			M O	
497	21	112	⿱伓貝	倍	double	bwojX	*[b]ˤəʔ	。		P Ə K	
498	21	113	詩	詩	Odes	syi	*s.tə			S . T Ə	
499	21	113	於	於	preposition	u	*[ʔ]ˤa			K A	
500	21	113	又	有	have	hjuwX	*[ɢ]ʷəʔ			K Ə K	
501	21	113	之	之	cataphoric substitute of the object	tsyi	*tə	，		T Ə	
502	21	114	曰	曰	say	hjwot	*[ɢ]ʷat	:		K A T	
503	21	115	幾	愷	serene	khojX	*C.qʰˤəjʔ			X . K Ə J K	
504	22	115	俤	悌	happy	dejH	*lˤəjʔ-s			L Ə J K	
505	22	115	君子	君子	the noble man	kjun tsiX	*C.qur // ! *[ts]əʔ // *tsəʔ	，		X . K U R // C Ə K // C Ə K	
506	22	116	民	民	people	mjin	*mi[ŋ]			M I N	
507	22	116	之	之	conjunction	tsyi	*tə		 	T Ə	
508	22	116	父	父	father	pjuX	*p(r)aʔ			P R A K	
509	22	116	母	母	mother	muwX	*məʔ	。	∟ punctuation	M Ə K	
510	22	117	此	此	this	tshjeX	*[tsʰ]e(j)ʔ			C E J K	
511	22	117	所	所	nominalization marker	srjoX // xuX	! *s-qʰaʔ // *qʰaʔ			K A K // K A K	
512	22	117	以	以	preposition	yiX	*ləʔ			L Ə K	
513	22	118	為	為	be	hjwe // hjweH	! *ɢʷ(r)aj // *ɢʷ(r)aj-s			Kw R A J // Kw R A J	
514	22	118	和	和	harmony	hwa	*[ɢ]ˤoj			K O J	
515	22	118	於	於	preposition	u	*[ʔ]ˤa			K A	
516	22	118	邦	邦	state	paewng	*pˤroŋ	。		P R O N	
517	22	119	⿵戕口 公	莊公	duke Zhuang (personal name)	tsrjang kuwng	*[ts]raŋ // *C.qˤoŋ			C R A N // X . K O N	
518	22	119	曰	曰	say	hjwot	*[ɢ]ʷat	：		K A T	
519	22	120	為	為	be	hjwe // hjweH	! *ɢʷ(r)aj // *ɢʷ(r)aj-s			Kw R A J // Kw R A J	
520	22	120	和	和	harmony	hwa	*[ɢ]ˤoj			K O J	
521	22	120	於	於	preposition	u	*[ʔ]ˤa			K A	
522	22	120	⿰谷象	舍	barracks	syaeH // syaeX	! *[l̥]Ak-s // *l̥Aʔ			L A K // L A K	
523	22	120	女可	如何	how	nyo tsyi ha	*na // *tə // *[g]ˤaj	？		N A // T Ə // K A J	
524	22	121	⿱艸⿰告攴 ⿱艸⿰蔑攵	曹沫	Cao Mo (personal name)	dzaw mat	*N-tsˤu // *mˤat			C U // M A T	
525	22	121	曰	曰	say	hjwot	*[ɢ]ʷat	：		K A T	
526	22	122	三	三	three 	sam	*s.rum			S . R U M	
527	22	122	軍	軍	army	kjun	*[k]ʷər			K Ə R	
528	22	122	出	出	big	dajH	*lˤa[t]-s	，		L A T	
529	22	123	君	君	exit	tsyhwijH	*t-kʰut-s			K U T	
530	22	123	自	自	the noble man	kjun tsiX	*C.qur // ! *[ts]əʔ // *tsəʔ			X . K U R // C Ə K // C Ə K	
531	22	123	⿲彳⿱幺止亍	率	lead	lwit // srwit // srwijH // lwijH	! *[r]ut // *s-rut // *s-rut-s // *[r]ut-s	，		R U T // R U T // R U T // R U T	
532	25	124	必	必	must	pjit	*pi[t]			P I T	
533	25	124	又	有	have	hjuwX	*[ɢ]ʷəʔ			K Ə K	
534	25	124	二	二	two	nyijH	*ni[j]-s			N I J	
535	25	124	⿰爿酉 軍	將軍	general	tsjang kjun	*[ts]aŋ // *[k]ʷər	;		C A N // K Ə R	
536	25	125	毋	無	not have	mju (mu)	*ma // *mo // *ma			M A // M O // M A	
537	25	125	⿰爿酉 軍	將軍	general	tsjang kjun	*[ts]aŋ // *[k]ʷər	，		C A N // K Ə R	
538	25	126	必	必	must	pjit	*pi[t]			P I T	
539	25	126	又	有	have	hjuwX	*[ɢ]ʷəʔ			K Ə K	
540	25	126	⿲臼角⿱言	數	number	sraewk	*s-rok			R O K	
541	25	126	辟	嬖	favourite	pejH	*pˤek-s			P E K	
542	25	126	大夫	大夫	grandees	dajH bju // bju // pju	*lˤa[t]-s // ! *ba // *[b]a // *p(r)a	；		L A T // P A // P A // P R A	
543	25	127	毋	無	not have	mju (mu)	*ma // *mo // *ma			M A // M O // M A	
544	25	127	⿺辶卑	嬖	favourite	pejH	*pˤek-s			P E K	
545	25	127	大夫	大夫	grandees	dajH bju // bju // pju	*lˤa[t]-s // ! *ba // *[b]a // *p(r)a	，		L A T // P A // P A // P R A	
546	25	128	必	必	must	pjit	*pi[t]			P I T	
547	25	128	又	有	have	hjuwX	*[ɢ]ʷəʔ			K Ə K	
548	25	128	⿲臼角⿱言	數	number	sraewk	*s-rok			R O K	
549	25	128	大	大	great	dajH	*lˤa[t]-s			L A T	
550	25	128	官	官	official	kwan	*kʷˤa[n]			Kw A N	
551	25	128	之	之	conjunction	tsyi	*tə			T Ə	
552	25	128	帀	師	multitude?	srij	*srij	，		S R I J	
553	25	128	公孫	公孫	nephew of a duke	kuwng swon	*C.qˤoŋ // *[s]ˤu[n]	，		X . K O N // S U N	
554	25	128	公子	公子	son of a duke	kuwng tsiX	*C.qˤoŋ // ! *[ts]əʔ // *tsəʔ	。		X . K O N // C Ə K // C Ə K	
555	25	129	凡	凡	all	bjuwng	*bəŋ			P Ə N	
556	25	129	又	有	have	hjuwX	*[ɢ]ʷəʔ			K Ə K	
557	25	129	司	司	administer	si	*s-lə			L Ə	
558	25	129	⿲彳⿱幺止亍	率	lead	lwit // srwit // srwijH // lwijH	! *[r]ut // *s-rut // *s-rut-s // *[r]ut-s			R U T // R U T // R U T // R U T	
559	25	129	倀	長	conduct	drjang	*Cə-[N]-traŋ			«N» T R A N	
560	37	129	民	民	people	mjin	*mi[ŋ]			M I N	
561	37	129	者	者	nominalization marker	tsyaeX	*tAʔ	，		T A K	
562	37	130	毋	毋	negative adverb	mju (mu)	*ma // *mo // *ma			M A // M O // M A	
563	37	130	㘝	祿	emolument	luwk	*[r]ˤok			R O K	
564	37	130	⿱艸隹	爵	honour	tsjak	*[ts]ewk	,		C E WK	
565	37	131	毋	毋	negative adverb	mju (mu)	*ma // *mo // *ma			M A // M O // M A	
566	37	131	𠈌	從	follow	dzjowng // dzjowngH // tsjowng (tshjowng)	*tsoŋ // *[dz]oŋ-s // *[dz]oŋ			C O N // C O N // C O N	
567	37	131	軍	軍	army	kjun	*[k]ʷər			K Ə R	
568	37	131	毋	毋	negative adverb	mju (mu)	*ma // *mo // *ma		errore di SB 	M A // M O // M A	
569	37	131	辟	避	avoid	bjieH	*[b]ek-s			P E K	
570	37	131	⿱自幸	罪	crime	dzwojX	*[dz]ˤujʔ	，		C U J K	
571	37	132	甬	同	unite	duwng	*lˤoŋ			L O N	
572	37	133	都	都	all	tu	*tˤa			T A	
573	37	133	⿱爻言	教	teaching	kaewH	*s.kˤraw-s			S . K R A W	
574	37	133	於	於	preposition	u	*[ʔ]ˤa		- punctuation	K A	
575	37	133	邦	邦	state	paewng	*pˤroŋ			P R O N	
576	23	134	亓	其	nominalization marker	gi	*gə			K Ə	
577	23	134	⿱合曰	合	unite	hop	*m-kˤop			K O P	
578	23	134	之	之	anaphoric substitute of the object	tsyi	*tə			T Ə	
579	23	134	不	不	negative adverb	pjuw (bijX)	*pə			P Ə	
580	23	134	難	難	difficult	nan	*nˤar	，		N A R	
581	23	135	所	所	nominalization marker	srjoX // xuX	! *s-qʰaʔ // *qʰaʔ			K A K // K A K	
582	23	135	以	以	preposition	yiX	*ləʔ			L Ə K	
583	23	135	為	為	be	hjwe // hjweH	! *ɢʷ(r)aj // *ɢʷ(r)aj-s			Kw R A J // Kw R A J	
584	23	135	和	和	harmony	hwa	*[ɢ]ˤoj			K O J	
585	23	135	於	於	preposition	u	*[ʔ]ˤa			K A	
586	23	135	⿰谷象⿱土	舍	barracks	syaeH // syaeX	! *[l̥]Ak-s // *l̥Aʔ	。		L A K // L A K	
587	23	136	⿵戕口 公	莊公	duke Zhuang (personal name)	tsrjang kuwng	*[ts]raŋ // *C.qˤoŋ			C R A N // X . K O N	
588	23	136	或	又	conjunction	hjuwH	*[ɢ]ʷəʔ-s			K Ə K	
589	23	136	䎽	問	ask	mjunH	*C.mu[n]-s	：		X . M U N	
590	24	137	為	為	be	hjwe // hjweH	! *ɢʷ(r)aj // *ɢʷ(r)aj-s			Kw R A J // Kw R A J	
591	24	137	和	和	harmony	hwa	*[ɢ]ˤoj			K O J	
592	24	137	於	於	preposition	u	*[ʔ]ˤa			K A	
593	24	137	⿰申戈	陳	battle array	drin	*lri[n]			L R I N	
594	24	137	女可	如何	how	nyo tsyi ha	*na // *tə // *[g]ˤaj	？		N A // T Ə // K A J	
595	24	138	⿱合曰	答	reply	top	*[t]ˤ[u]p			T U P	
596	24	138	曰	曰	say	hjwot	*[ɢ]ʷat	：		K A T	
597	24	139	車	車	chariot	tsyhae	*[t.qʰ](r)A			T . K R A	
598	24	139	⿵門⿰夕刀	間	between 	hean // kean // kean	! *N-kˤre[n] // *kˤre[n] // *kˤre[n]			K R E N // K R E N // K R E N	
599	24	139	容	容	contain	yowng	*[ɢ](r)oŋ			K R O N	
600	24	139	伍	伍	group of five	nguX	*C.ŋˤaʔ	，	chongwen	X . N A K	
601	24	140	伍	伍	group of five	nguX	*C.ŋˤaʔ			X . N A K	
602	24	140	⿵門⿰夕刀	間	between 	hean // kean // kean	! *N-kˤre[n] // *kˤre[n] // *kˤre[n]			K R E N // K R E N // K R E N	
603	24	140	容	容	contain	yowng	*[ɢ](r)oŋ			K R O N	
604	24	140	兵	兵	weapon	pjaeng	*praŋ	，		P R A N	
605	24	141	貴	貴	noble	kjw+jH	*kuj-s			K U J	
606	30	141	位	位	place	hwijH	*[ɢ]ʷrəp-s			K R Ə P	
607	30	141	砫	重	give weight to	drjowng	*[m]-troŋ			M T R O N	
608	30	141	⿰食人	食	eat	zyik	*mə-lək	，		L Ə K	
609	30	142	思	使	let	sriH // sriX	! *s-rəʔ-s // *s-rəʔ			R Ə K // R Ə K	
610	30	142	為	為	be	hjwe // hjweH	! *ɢʷ(r)aj // *ɢʷ(r)aj-s			Kw R A J // Kw R A J	
611	30	142	歬	前	foront	dzen	*[dz]ˤen			C E N	
612	30	142	行	行	march	haeng // haengH // hang (hangH)	*[g]ˤaŋ // *Cə.[g]ˤraŋ // *[g]ˤraŋ-s	。		K A N // X Ə . K R A N // K R A N	
613	30	143	厽	三	three 	sam	*s.rum			S . R U M	
614	30	143	行	行	line	haeng // haengH // hang (hangH)	*[g]ˤaŋ // *Cə.[g]ˤraŋ // *[g]ˤraŋ-s			K A N // X Ə . K R A N // K R A N	
615	30	143	之	之	conjunction	tsyi	*tə			T Ə	
616	30	143	⿺辶⿳幺夊口	後	after	huwX	*[ɢ]ˤ(r)oʔ	，		K R O K	
617	30	145	句	茍	must	kik	?			«?»	
618	30	145	見	見	see	henH // kenH // henH	! *N-[k]ˤen-s // *[k]ˤen-s // *m-[k]ˤen-s			K E N // K E N // K E N	
619	30	145	耑	短	short	twanX	*tˤorʔ			T O R K	
620	30	145	兵	兵	weapon	pjaeng	*praŋ	，		P R A N	
621	30	146	⿰十攴	十	ten	dzyip	*t.[g]əp			T . K Ə P	
622	26	146	五	五	five	nguX	*C.ŋˤaʔ			X . N A K	
623	26	146	之 ⿵門⿰夕刀	之間	between 	tsyi hean // kean // kean	*tə // ! *N-kˤre[n] // *kˤre[n] // *kˤre[n]	，		T Ə // K R E N // K R E N // K R E N	
624	26	147	必	必	must	pjit	*pi[t]			P I T	
625	26	147	又	有	have	hjuwX	*[ɢ]ʷəʔ			K Ə K	
626	26	147	公孫	公孫	nephew of a duke	kuwng swon	*C.qˤoŋ // *[s]ˤu[n]			X . K O N // S U N	
627	26	147	公子	公子	son of a duke	kuwng tsiX	*C.qˤoŋ // ! *[ts]əʔ // *tsəʔ	，		X . K O N // C Ə K // C Ə K	
628	26	148	是	是	this	dzyeX	*[d]eʔ			T E K	
629	26	148	胃	謂	call	hjw+jH	*[ɢ]ʷə[t]-s			K Ə T	
630	26	148	軍	軍	military	kjun	*[k]ʷər			K Ə R	
631	26	148	紀	紀	discipline	kiX	*k(r)əʔ	。		K R Ə K	
632	26	149	五	五	five	nguX	*C.ŋˤaʔ			X . N A K	
633	26	149	人	人	person	nyin	*ni[ŋ]			N I N	
634	26	149	以	以	preposition	yiX	*ləʔ			L Ə K	
635	26	149	⿰五攴	伍	meke a group of five	nguX	*C.ŋˤaʔ	，		X . N A K	
636	26	150	一	一	one	jit	*ʔi[t]		he wen	K I T	
637	26	150	人	人	person	nyin	*ni[ŋ]			N I N	
638	62	150	又	有	have	hjuwX	*[ɢ]ʷəʔ			K Ə K	
639	62	150	多	多	merit	ta	*[t.l]ˤaj	，		T . L A J	
640	62	151	四	四	four	sijH	*s.li[j]-s			S . L I J	
641	62	151	人	人	person	nyin	*ni[ŋ]			N I N	
642	62	151	皆	皆	all	keaj	*kˤrij			K R I J	
643	62	151	賞	賞	admire	syangX	*s-taŋʔ	，		T A N K	
644	62	152	所	所	nominalization marker	srjoX // xuX	! *s-qʰaʔ // *qʰaʔ			K A K // K A K	
645	62	152	以	以	preposition	yiX	*ləʔ			L Ə K	
646	62	152	為	為	be	hjwe // hjweH	! *ɢʷ(r)aj // *ɢʷ(r)aj-s			Kw R A J // Kw R A J	
647	62	152	⿰叀刀	敦	encourage	twoj // twon // twon (twonH)	*tˤur	。		T U R	
648	62	153	毋	毋	negative adverb	mju	*mo			M O	
649	62	153	上	尚	admire	dzyangH (dzyang)	*[d]aŋ-s			T A N	
650	62	153	⿰丹隻	獲	gain	hweak	*m-qʷˤrak			Kw R A K	
651	62	153	而	而	conjunction	nyi	*nə			N Ə	
652	62	153	上	尚	admire	dzyangH (dzyang)	*[d]aŋ-s			T A N	
653	62	153	䎽	聞	hear	mjun	*mu[n]			M U N	
654	62	153	命	命	order	mjaengH	*m-riŋ-s	，	- punctuation	R I N	
655	58	154	所	所	nominalization marker	srjoX // xuX	! *s-qʰaʔ // *qʰaʔ			K A K // K A K	
656	58	154	以	以	preposition	yiX	*ləʔ			L Ə K	
657	58	154	為	為	be	hjwe // hjweH	! *ɢʷ(r)aj // *ɢʷ(r)aj-s			Kw R A J // Kw R A J	
658	58	154	毋	毋	not have	mju	*mo			M O	
659	58	154	退	退	retire	thwojH	*n̥ˤ[u]p-s			N U P	
660	58	155	⿲彳⿱幺止亍	率	lead	tsjang	*[ts]aŋ			C A N	
661	58	155	車	車	chariot	tsyhae	*[t.qʰ](r)A			T . K R A	
662	58	155	以	以	preposition	yiX	*ləʔ			L Ə K	
663	58	155	車	車	chariot	tsyhae	*[t.qʰ](r)A	，		T . K R A	
664	58	156	⿲彳⿱幺止亍	率	lead	lwit // srwit // srwijH // lwijH	! *[r]ut // *s-rut // *s-rut-s // *[r]ut-s			R U T // R U T // R U T // R U T	
665	58	156	徒	徒	infantry	du	*[d]ˤa			T A	
666	58	156	以	以	preposition	yiX	*ləʔ			L Ə K	
667	58	156	徒	徒	infantry	du	*[d]ˤa	，		T A	
668	58	157	所	所	nominalization marker	srjoX // xuX	! *s-qʰaʔ // *qʰaʔ			K A K // K A K	
669	58	157	以	以	preposition	yiX	*ləʔ			L Ə K	
670	58	157	同	同	together	duwng	*lˤoŋ			L O N	
671	58	157	死	死	die	sijX	*sijʔ			S I J K	
672	49	157	於	於	preposition	u	*[ʔ]ˤa			K A	
673	49	157	民	民	people	mjin	*mi[ŋ]	。		M I N	
674	49	158	⿵戕口 公	莊公	duke Zhuang (personal name)	tsrjang kuwng	*[ts]raŋ // *C.qˤoŋ			C R A N // X . K O N	
675	49	158	曰	曰	say	hjwot	*[ɢ]ʷat	:		K A T	
676	49	159	此	此	this	tshjeX	*[tsʰ]e(j)ʔ			C E J K	
677	49	159	三	三	three 	sam	*s.rum			S . R U M	
678	49	159	者	者	nominalization marker	tsyaeX	*tAʔ			T A K	
679	49	159	足以	足以	sufficient	tsjuH yiX	*[ts]ok-s // *ləʔ			C O K  // L Ə K	
680	49	159	⿰嘼戈	戰	war	tsyenH	*tar-s			T A R	
681	49	159	⿱虎口	乎	modal particle	hu // hu	*ɢˤa	？		K A	
682	49	160	⿱合曰	答	reply	top	*[t]ˤ[u]p			T U P	
683	49	160	曰	曰	say	hjwot	*[ɢ]ʷat	：		K A T	
684	49	161	戒	戒	warn	keajH	*kˤrək-s		∟ punctuation	K R Ə K	
685	49	161	⿱亠舛⿳几力	勝	win 	sying	*l̥əŋ			L Ə N	
686	33	161	⿺怠⿹𠃌一	怠	laziness	dojX	*lˤəʔ	，	∟ punctuation	L Ə K	
687	33	162	果	果	solve	kwaX	*[k]ˤo[r]ʔ			K O R K	
688	33	162	⿱亠舛⿳几力	勝	win 	sying	*l̥əŋ			L Ə N	
689	33	162	矣	疑	doubt	ngi	*[ŋ](r)ə	，	∟ punctuation	N R Ə	
690	33	163	⿰見辛	親	personally	tshin	*[tsʰ]i[n]			C I N	
691	33	163	⿲彳⿱幺止亍	率	lead	lwit // srwit // srwijH // lwijH	! *[r]ut // *s-rut // *s-rut-s // *[r]ut-s			R U T // R U T // R U T // R U T	
692	33	163	⿱亠舛⿳几力	勝	win 	sying	*l̥əŋ			L Ə N	
693	33	163	⿳⺊日又	使人	envoy	sriH // sriX nyin	! *s-rəʔ-s // *s-rəʔ // *ni[ŋ]			R Ə K // R Ə K // N I N	
694	33	164	不	不	negative adverb	pjuw (bijX)	*pə			P Ə	
695	33	164	⿰見辛	親	personally	tshin	*[tsʰ]i[n]			C I N	
696	33	164	則	則	conjunction	tsok	*[ts]ˤək			C Ə K	
697	33	164	不	不	negative adverb	pjuw (bijX)	*pə			P Ə	
698	33	164	  ???	敦	encourage	twoj // twon // twon (twonH)	*tˤur			T U R	
699	33	164	也	也	modal particle	yaeX (dzyoX)	*lAjʔ	，		L A J K	
700	33	165	不	不	negative adverb	pjuw (bijX)	*pə			P Ə	
701	33	165	和	和	harmony	hwa	*[ɢ]ˤoj			K O J	
702	33	165	則	則	conjunction	tsok	*[ts]ˤək			C Ə K	
703	33	165	不	不	negative adverb	pjuw (bijX)	*pə			P Ə	
704	33	165	咠	輯	concordd	dzip	*[dz][u]p	，		C U P	
705	33	166	不	不	negative adverb	pjuw (bijX)	*pə			P Ə	
706	33	166	⿱我心	義	righteous	ngjeH	*ŋ(r)aj-s			N R A J	
707	33	166	則	則	negative adverb	tsok	*[ts]ˤək			C Ə K	
708	33	166	不	不	negative adverb	pjuw (bijX)	*pə			P Ə	
709	33	166	備	服	obey	bjuwk	*[b]ək	。		P Ə K	
710	33	167	⿵戕口 公	莊公	duke Zhuang (personal name)	tsrjang kuwng	*[ts]raŋ // *C.qˤoŋ			C R A N // X . K O N	
711	33	167	或	又	conjunction	hjuwH	*[ɢ]ʷəʔ-s			K Ə K	
712	33	167	䎽	問	ask	mjunH	*C.mu[n]-s	：		X . M U N	
713	33	168	為	為	be	hjwe // hjweH	! *ɢʷ(r)aj // *ɢʷ(r)aj-s			Kw R A J // Kw R A J	
714	33	169	⿰見辛	親	parent	tshin	*[tsʰ]i[n]			C I N	
715	33	168	女可	如何	how	nyo ha	*na // *[g]ˤaj		2 slips	N A // K A J	
716	34	169	⿱合曰	答	reply	top	*[t]ˤ[u]p			T U P	
717	34	169	曰	曰	say	hjwot	*[ɢ]ʷat	：		K A T	
718	34	170	君	君	her majesty	kjun	*C.qur			X . K U R	
719	34	170	毋	毋	negative adverb	mju	*mo			M O	
720	34	170	嘼	憚	fear	danH	*dˤar-s 			T A R	
721	34	170	自	自	reflexive pronoun	dzijH	*s.[b]i[t]-s			S . P I T	
722	34	170	⿰火火⿱衣	勞	work	law	*[r]ˤaw	，		R A W	
723	34	171	以	以	conjunction	yiX	*ləʔ			L Ə K	
724	34	171	觀	觀	see	kwan	*C.qʷˤar			X . Kw A R	
725	34	171	⿱上止	上	superior	dzyangH	*daŋʔ-s		hewen	T A N K	
726	34	171	下	下	inferior	haeH	*m-gˤraʔ-s			K R A K	
727	34	171	之	之	conjunction	tsyi	*tə			T Ə	
728	34	171	青	情	emotion	dzjeng	*[dz]eŋ			C E N	
729	34	171	為	偽	false 	ngjweH // ngjweH	! *N-ɢʷ(r)aj-s // *m-ɢʷ(r)aj-s	；		Kw R A J // Kw R A J	
730	34	172	佖夫	匹夫	common man	phjit bju // bju // pju	*pʰi[t]  // ! *ba // *[b]a // *p(r)a			P I T // P A // P A // P R A	
731	34	172	寡婦	寡婦	widow	kwaeX bjuwX	*[C.k]ʷˤraʔ // *mə.bəʔ			X . K R A K // M Ə . P Ə K	
732	34	172	之	之	conjunction	tsyi	*tə			T Ə	
733	34	172	獄訟	獄訟	process	ngjowk zjowngH	*[ŋ]rok // *s.[ɢ]oŋ-s			N R O K // S . K O N	
734	34	172	君	君	her majesty	kjun	*C.qur			X . K U R	
735	34	172	必	必	must	pjit	*pi[t]			P I T	
736	34	172	身	身	personally	syin	*n̥i[ŋ]			N I N	
737	34	172	聖	聽	listen	theng	*l̥ˤeŋ			L E N	
738	34	172	之	之	anaphoric substitute of the object	tsyi	*tə	。		T Ə	
739	34	173	又	又	conjunction	hjuwH	*[ɢ]ʷəʔ-s			K Ə K	
740	34	173	智	知	know	trje	*tre			T R E	
741	34	173	不	不	negative adverb	pjuw (bijX)	*pə			P Ə	
742	34	173	足	足	sufficient	tsjuH	*[ts]ok-s	，		C O K 	
743	34	174	亡	無	not have	mju (mu)	*ma // *mo // *ma			M A // M O // M A	
744	34	174	所	所	nominalization marker	srjoX // xuX	! *s-qʰaʔ // *qʰaʔ			K A K // K A K	
745	35	174	不	不	negative adverb	pjuw (bijX)	*pə			P Ə	
746	35	174	中	中	moderation	trjuwng	*truŋ	，		T R U N	
747	35	175	則	則	conjunction	tsok	*[ts]ˤək			C Ə K	
748	35	175	民	民	people	mjin	*mi[ŋ]			M I N	
749	35	175	⿱木辛⿰斤	親	parent	tshin	*[tsʰ]i[n]			C I N	
750	35	175	之	之	anaphoric substitute of the object	tsyi	*tə	。		T Ə	
751	35	176	⿵戕口 公	莊公	duke Zhuang (personal name)	tsrjang kuwng	*[ts]raŋ // *C.qˤoŋ			C R A N // X . K O N	
752	35	176	或	又	conjunction	hjuwH	*[ɢ]ʷəʔ-s			K Ə K	
753	35	176	䎽	問	ask	mjunH	*C.mu[n]-s	：		X . M U N	
754	35	177	為	為	be	hjwe // hjweH	! *ɢʷ(r)aj // *ɢʷ(r)aj-s	[		Kw R A J // Kw R A J	
755	35	177	和	和	harmony	hwa	*[ɢ]ˤoj			K O J	
756	35	177	女可	如何	how	nyo ha	*na // *[g]ˤaj	？		N A // K A J	
757	35	178	⿱合曰	答	reply	top	*[t]ˤ[u]p			T U P	
758	35	178	曰	曰	say	hjwot	*[ɢ]ʷat	：		K A T	
759	35	179	毋	毋	negative adverb	mju	*mo	]		M O	
760	35	179	辟	嬖	favour	pejH	*pˤek-s			P E K	
761	35	179	於	於	preposition	u	*[ʔ]ˤa			K A	
762	35	179	⿺辶⿱卞又	便	relatives	bjien	*[b]e[n]			P E N	
763	35	179	⿺辶卑	嬖	favourite	pejH	*pˤek-s	，		P E K	
764	35	180	毋	毋	negative adverb	mju	*mo			M O	
765	35	180	倀 	長	conduct	drjang	*Cə-[N]-traŋ			«N» T R A N	
766	35	180	於	於	preposition	u	*[ʔ]ˤa			K A	
767	35	180	父	父	father	pjuX	*p(r)aʔ			P R A K	
768	35	180	⿰兄㞷	兄	elder brother	xjwaeng	*m̥raŋ	，		M R A N	
769	35	181	賞	賞	admire	syangX	*s-taŋʔ			T A N K	
770	35	181	⿰日勻⿱土	均	even	kjwin	*C.qʷi[n]			X . Kw I N	
771	35	181	聖	聽	listen	theng	*l̥ˤeŋ			L E N	
772	35	181	中	中	moderation	trjuwng	*truŋ	，		T R U N	
773	35	182	則	則	conjunction	tsok	*[ts]ˤək			C Ə K	
774	35	182	民	民	people	mjin	*mi[ŋ]			M I N	
775	36	182	和	和	harmony	hwa	*[ɢ]ˤoj			K O J	
776	36	182	之	之	anaphoric substitute of the object	tsyi	*tə	。		T Ə	
777	36	183	或	又	conjunction	hjuwH	*[ɢ]ʷəʔ-s			K Ə K	
778	36	183	䎽	問	ask	mjunH	*C.mu[n]-s	：		X . M U N	
779	36	184	為	為	be	hjwe // hjweH	! *ɢʷ(r)aj // *ɢʷ(r)aj-s			Kw R A J // Kw R A J	
780	36	184	義	義	righteous	ngjeH	*ŋ(r)aj-s			N R A J	
781	36	184	女可	如何	how	nyo ha	*na // *[g]ˤaj	？		N A // K A J	
782	36	185	⿱合曰	答	reply	top	*[t]ˤ[u]p			T U P	
783	36	185	曰	曰	say	hjwot	*[ɢ]ʷat	：		K A T	
784	36	186	⿰糹畕	陳	explain	drin	*lri[n]			L R I N	
785	36	186	⿰工攴	功	merit	kuwng	*kˤoŋ			K O N	
786	36	186	⿰上止	尚	admire	dzyangH (dzyang)	*[d]aŋ-s			T A N	
787	36	186	⿰臣⿱口又	賢	sage	hen	*[g]ˤi[n]	。		K I N	
788	36	187	能	能	can	noj	*nˤə			N Ə	
789	36	187	⿲糸台⿹𠃌一	治	govern	dri	*C.lrə			X . L R Ə	
790	36	187	百	百	thousand	paek	*pˤrak			P R A K	
791	36	187	人	人	person	nyin	*ni[ŋ]	，		N I N	
792	36	188	⿳⺊日又	使	let	sriH // sriX	! *s-rəʔ-s // *s-rəʔ			R Ə K // R Ə K	
793	36	188	倀	長	conduct	drjang	*Cə-[N]-traŋ			«N» T R A N	
794	36	188	百	百	thousand	paek	*pˤrak			P R A K	
795	36	188	人	人	person	nyin	*ni[ŋ]	；		N I N	
796	36	189	能	能	can	noj	*nˤə			N Ə	
797	36	189	⿲糸台⿹𠃌一	治	govern	dri	*C.lrə			X . L R Ə	
798	36	189	三	三	three 	sam	*s.rum			S . R U M	
799	36	189	軍	軍	army	kjun	*[k]ʷər	，		K Ə R	
800	36	190	思	使	let	sriH // sriX	! *s-rəʔ-s // *s-rəʔ			R Ə K // R Ə K	
801	36	190	⿲彳⿱幺止亍	率	lead	lwit // srwit // srwijH // lwijH	! *[r]ut // *s-rut // *s-rut-s // *[r]ut-s	。		R U T // R U T // R U T // R U T	
802	36	191	受	授	teach	dzyuwH	*[d]uʔ-s			T U K	
803	28	192	又	有	have	hjuwX	*[ɢ]ʷəʔ			K Ə K	
804	28	192	智	智	knowledge	trjeH	*tre-s	，		T R E	
805	28	193	⿱余口	予	grant to	yo	*laʔ			L A K	
806	28	193	又	有	have	hjuwX	*[ɢ]ʷəʔ			K Ə K	
807	28	193	能	能	ability	noj	*nˤə	，		N Ə	
808	28	194	則	則	conjunction	tsok	*[ts]ˤək			C Ə K	
809	28	194	民	民	people	mjin	*mi[ŋ]			M I N	
810	28	194	宜	義	righteous	ngjeH	*ŋ(r)aj-s			N R A J	
811	28	194	之	之	anaphoric substitute of the object	tsyi	*tə	。		T Ə	
812	28	195	⿰虘又	且	conjunction	tsjo	*tsa			C A	
813	28	195	䎽	聞	hear	mjun	*mu[n]			M U N	
814	28	195	之	之	cataphoric substitute of the object	tsyi	*tə	：		T Ə	
815	28	196	𰠄	卒	servant	tswit // tswot (tshwot)	*[ts]ˤut // *[ts]ut			C U T // C U T	
816	28	196	又	有	have	hjuwX	*[ɢ]ʷəʔ			K Ə K	
817	28	196	倀	長	superior	drjang	*Cə-[N]-traŋ	，		«N» T R A N	
818	28	197	三	三	three 	sam	*s.rum			S . R U M	
819	28	197	軍	軍	army	kjun	*[k]ʷər			K Ə R	
820	28	197	又	有	have	hjuwX	*[ɢ]ʷəʔ			K Ə K	
821	28	197	⿲彳⿱幺止亍	率	leader	srwijH (srwit)	*s-rut-s	，		R U T	
822	28	198	邦	邦	state	paewng	*pˤroŋ			P R O N	
823	28	198	又	有	have	hjuwX	*[ɢ]ʷəʔ			K Ə K	
824	28	198	君	君	sovereign	kjun	*C.qur	，		X . K U R	
825	28	199	此	此	this	tshjeX	*[tsʰ]e(j)ʔ			C E J K	
826	28	199	三	三	three 	sam	*s.rum			S . R U M	
827	28	199	者	者	nominalization marker	tsyaeX	*tAʔ	，		T A K	
828	28	199	所	所	nominalization marker	srjoX // xuX	! *s-qʰaʔ // *qʰaʔ			K A K // K A K	
829	28	199	以	以	preposition	yiX	*ləʔ			L Ə K	
830	28	199	⿰嘼戈	戰	war	tsyenH	*tar-s		∟ punctuation	T A R	
831	28	200	是古	是故	conjunction	dzyeX kuH	*[d]eʔ // ! *kˤa(ʔ)-s // *kˤaʔ-s			T E K // K A K // K A K	
832	28	200	長	長	superior	drjang	*Cə-[N]-traŋ			«N» T R A N	
833	48	200	不	不	negative adverb	pjuw (bijX)	*pə			P Ə	
834	48	200	可	可	can	khaX	*[k]ʰˤa[j]ʔ			K A J K	
835	48	200	不	不	negative adverb	pjuw (bijX)	*pə			P Ə	
836	48	200	⿱十言⿰斤	慎	be careful	dzyinH	*[d]i[n]-s		∟ punctuation	T I N	
837	48	201	不	不	negative adverb	pjuw (bijX)	*pə			P Ə	
838	48	201	𰠄	卒	end	tswit // tswot (tshwot)	*[ts]ˤut // *[ts]ut			C U T // C U T	
839	48	201	則	則	conjunction	tsok	*[ts]ˤək			C Ə K	
840	48	201	不	不	negative adverb	pjuw (bijX)	*pə			P Ə	
841	48	201	⿳一外一	恆	eternal	hong	*[g]ˤəŋ	，		K Ə N	
842	48	202	不	不	negative adverb	pjuw (bijX)	*pə			P Ə	
843	48	202	和	和	harmony	hwa	*[ɢ]ˤoj			K O J	
844	48	202	則	則	conjunction	tsok	*[ts]ˤək			C Ə K	
845	48	202	不	不	negative adverb	pjuw (bijX)	*pə			P Ə	
846	48	202	⿱艸咠	輯	concord	dzip	*[dz][u]p	，		C U P	
847	48	203	不	不	negative adverb	pjuw (bijX)	*pə			P Ə	
848	48	203	兼	嚴	imposing	ngjaem	*ŋ(r)am			N R A M	
849	48	203	畏	畏	authoritative	jw+j	*ʔuj			K U J	
850	46	203	則	則	conjunction	tsok	*[ts]ˤək			C Ə K	
851	46	203	不	不	negative adverb	pjuw (bijX)	*pə			P Ə	
852	46	203	⿱亠舛⿳几力	勝	win 	sying	*l̥əŋ	。		L Ə N	
853	46	204	𰠄	卒	soldier	tswit // tswot (tshwot)	*[ts]ˤut // *[ts]ut			C U T // C U T	
854	46	204	谷	欲	desire	yowk	*ɢ(r)ok			K R O K	
855	46	204	少	少	few	syewX	*[s.t]ewʔ			S . T E W K	
856	46	204	以	氣	energy	khj+jH	*C.qʰəp-s			X . K Ə P	
857	46	204	多	多	a lot	ta	*[t.l]ˤaj	。		T . L A J	
858	46	205	少	少	few	syewX	*[s.t]ewʔ			S . T E W K	
859	46	205	則	則	conjunction	tsok	*[ts]ˤək			C Ə K	
860	46	205	惕	易	easy	yek // yeH	! *lek // *lek-s			L E K // L E K	
861	46	205	⿰言⿱山乂	察	control	tsrheat	*[tsʰ]ˤret	，		C R E T	
862	46	206	⿰土气	氣	energy	khj+jH	*C.qʰəp-s			X . K Ə P	
863	46	206	成	盛	abundant	"dzyengH	"	*[d]eŋ-s			T E N	
864	46	206	則	則	conjunction	tsok	*[ts]ˤək			C Ə K	
865	46	206	惕	易	easy	yek // yeH	! *lek // *lek-s			L E K // L E K	
866	38	206	⿱合曰	合	unite	hop	*m-kˤop	。		K O P	
867	38	207	古	故	conjunction	dzyeX kuH	*[d]eʔ ! // *kˤa(ʔ)-s // *kˤaʔ-s			T E K // K A K // K A K	
868	38	207	⿲彳⿱幺止亍	帥	leader	srwijH (srwit)	*s-rut-s			R U T	
869	38	207	不	不	negative adverb	pjuw (bijX)	*pə			P Ə	
870	38	207	可	可	can	khaX	*[k]ʰˤa[j]ʔ			K A J K	
871	38	207	思	使	let	sriH // sriX	! *s-rəʔ-s // *s-rəʔ			R Ə K // R Ə K	
872	38	207	牪	倦	tired	gjwenH	*gron-s	，	chongwen	K R O N	
873	38	208	牪	倦	tired	gjwenH	*gron-s			K R O N	
874	38	208	則	則	conjunction	tsok	*[ts]ˤək			C Ə K	
875	38	208	不	不	negative adverb	pjuw (bijX)	*pə			P Ə	
876	38	208	行	行	march	haeng // haengH // hang (hangH)	*[g]ˤaŋ // *Cə.[g]ˤraŋ // *[g]ˤraŋ-s	。		K A N // X Ə . K R A N // K R A N	
877	38	209	⿰嘼戈	戰	war	tsyenH	*tar-s			T A R	
878	38	209	又	有	have	hjuwX	*[ɢ]ʷəʔ			K Ə K	
879	38	209	⿱曰⿰幺幺	顯	apparent	xenX	*qʰˤenʔ			K E N K	
880	38	209	道	道	way	dawX	*[kə.l]ˤuʔ	，		K Ə . L U K	
881	38	210	勿	勿	negative adverb	mjut	*mut		- hyphen	M U T	
882	38	210	兵	兵	weapon	pjaeng	*praŋ			P R A N	
883	38	210	以	以	preposition	yiX	*ləʔ			L Ə K	
884	38	210	克	克	conquest	khok	*kʰˤək	。		K Ə K	
885	38	211	⿵戕口 公	莊公	duke Zhuang (personal name)	tsrjang kuwng	*[ts]raŋ // *C.qˤoŋ			C R A N // X . K O N	
886	38	211	曰	曰	say	hjwot mjut	*[ɢ]ʷat	：		K A T	
887	38	212	勿	勿	negative adverb	mjut	*mut			M U T	
888	38	212	兵	兵	weapon	pjaeng	*praŋ			P R A N	
889	38	212	以	以	preposition	yiX	*ləʔ			L Ə K	
890	38	212	克	克	conquest	khok	*kʰˤək			K Ə K	
891	38	212	⿳爫人系 女	奚如	how	hej nyo	*[g]ˤe // *na	？		K E // N A	
892	38	212	⿱合曰	答	reply	top	*[t]ˤ[u]p			T U P	
893	38	213	曰	曰	say	hjwot	*[ɢ]ʷat	：		K A T	
894	38	214	人	人	other	nyin	*ni[ŋ]			N I N	
895	38	214	之	之	conjunction	tsyi	*tə			T Ə	
896	38	214	兵	兵	weapon	pjaeng	*praŋ			P R A N	
897	39	214	不	不	negative adverb	pjuw (bijX)	*pə			P Ə	
898	39	214	砥萬	砥礪	whetstone	tsyijX (tsyeX) ljejH	*tijʔ // *[r]at-s	,		T I J K // R A T	
899	39	215	我	我	I	ngaX	*ŋˤajʔ			N A J K	
900	39	215	兵	兵	weapon	pjaeng	*praŋ			P R A N	
901	39	215	必	必	must	pjit	*pi[t]			P I T	
902	39	215	砥萬	砥礪	whetstone	tsyijX (tsyeX) ljejH	*tijʔ // *[r]at-s	。		T I J K // R A T	
903	39	216	人	人	other	nyin	*ni[ŋ]			N I N	
904	39	216	之	之	conjunction	tsyi	*tə			T Ə	
905	39	216	⿸虍羍	甲	weapon	kaep	*[k]ˤr[a]p			K R A P	
906	39	216	不	不	negative adverb	pjuw (bijX)	*pə			P Ə	
907	39	216	⿰糹⿰臣⿱口又	堅	hard	ken	*kˤi[ŋ]	，		K I N	
908	39	217	我	我	I	ngaX	*ŋˤajʔ			N A J K	
909	39	217	⿸虍羍	甲	weapon	kaep	*[k]ˤr[a]p		- hyphen	K R A P	
910	39	217	必	必	must	pjit	*pi[t]			P I T	
911	39	217	⿰糹⿰臣⿱口又	堅	hard	ken	*kˤi[ŋ]	。		K I N	
912	39	218	人	人	other	nyin	*ni[ŋ]			N I N	
913	39	218	⿳⺊日又	使	send	sriH // sriX	! *s-rəʔ-s // *s-rəʔ			R Ə K // R Ə K	
914	39	218	士	士	dignitary	dzriX	*[m-s-]rəʔ	，		M «-» R Ə K	
915	39	219	我	我	I	ngaX	*ŋˤajʔ			N A J K	
916	39	219	事	使	send	sriH // sriX	! *s-rəʔ-s // *s-rəʔ			R Ə K // R Ə K	
917	39	219	大夫	大夫	grandee	dajH bju // bju // pju	*lˤa[t]-s // ! *ba // *[b]a // *p(r)a	。	hewen	L A T // P A // P A // P R A	
918	39	220	人	人	other	nyin	*ni[ŋ]			N I N	
919	39	220	事	使	send	sriH // sriX	! *s-rəʔ-s // *s-rəʔ			R Ə K // R Ə K	
920	39	220	大夫	大夫	grandee	dajH bju // bju // pju	*lˤa[t]-s // ! *ba // *[b]a // *p(r)a	，	hewen	L A T // P A // P A // P R A	
921	39	221	我	我	I	ngaX	*ŋˤajʔ			N A J K	
922	39	221	事	使	send	sriH // sriX	! *s-rəʔ-s // *s-rəʔ		- hyphen	R Ə K // R Ə K	
923	39	221	⿰爿酉 軍	將軍	general	tsjang kjun	*[ts]aŋ // *[k]ʷər	。		C A N // K Ə R	
924	39	222	人	人	other	nyin	*ni[ŋ]			N I N	
925	40	222	事	使	send	sriH // sriX	! *s-rəʔ-s // *s-rəʔ			R Ə K // R Ə K	
926	40	222	⿰爿酉 軍	將軍	general	tsjang kjun	*[ts]aŋ // *[k]ʷər	，		C A N // K Ə R	
927	40	223	我	我	I	ngaX	*ŋˤajʔ			N A J K	
928	40	223	君	君	sovereign	kjun	*C.qur			X . K U R	
929	40	223	身	身	personally	syin	*n̥i[ŋ]			N I N	
930	40	223	進	進	advance	tsinH	*[ts][i][n]-s	。		C I N	
931	40	224	此	此	this	tshjeX	*[tsʰ]e(j)ʔ			C E J K	
932	40	224	⿰嘼戈	戰	war	tsyenH	*tar-s			T A R	
933	40	224	之	之	conjunction	tsyi	*tə			T Ə	
934	40	224	⿱曰⿰幺幺	顯	apparent	xenX	*qʰˤenʔ			K E N K	
935	40	224	道	道	way	dawX	*[kə.l]ˤuʔ			K Ə . L U K	
936	40	225	⿵戕口 公	莊公	duke Zhuang (personal name)	tsrjang kuwng	*[ts]raŋ // *C.qˤoŋ			C R A N // X . K O N	
937	40	225	曰	曰	say	hjwot	*[ɢ]ʷat	：		K A T	
938	40	226	既	既	already	kj+jH	*[k]ə[t]-s			K Ə T	
939	40	226	成	成	complete	dzyeng	*m-[d]eŋ			T E N	
940	40	226	⿱爻言	教	teaching	kaewH	*s.kˤraw-s			S . K R A W	
941	40	226	矣	矣	modal particle	hiX	*qəʔ	，		K Ə K	
942	40	227	出	出	exit	tsyhwijH	*t-kʰut-s			K U T	
943	40	227	帀	師	troop	srij	*srij			S R I J	
944	40	227	又	有	have	hjuwX	*[ɢ]ʷəʔ			K Ə K	
945	40	227	幾	機	crucial moment	kj+j	*kəj			K Ə J	
946	40	227	⿱虎口	乎	modal particle	hu // hu	*ɢˤa			K A	
947	40	228	⿱合曰	答	reply	top	*[t]ˤ[u]p			T U P	
948	40	228	曰	曰	say	hjwot	*[ɢ]ʷat	：		K A T	
949	40	229	又	有	have	hjuwX	*[ɢ]ʷəʔ	。		K Ə K	
950	40	230	臣	臣	minister	dzyin	*[g]i[ŋ]			K I N	
951	40	230	䎽	聞	hear	mjun	*mu[n]			M U N	
952	40	230	之	之	cataphoric substitute of the object	tsyi	*tə	：		T Ə	
953	40	231	三	三	three	sam	*s.rum			S . R U M	
954	40	231	軍	軍	army	kjun	*[k]ʷər			K Ə R	
955	40	231	出	出	exit	tsyhwijH	*t-kʰut-s	，		K U T	
956	42	232	亓	其	possessive pronoun	gi	*gə			K Ə	
957	42	232	⿺辶⿷匚羊	將	conduct	tsjang	*[ts]aŋ			C A N	
958	42	232	⿺辶卑	卑	low rang	pjie	*pe	，		P E	
959	42	233	父	父	father	pjuX	*p(r)aʔ			P R A K	
960	42	233	⿰兄㞷	兄	elder brother	xjwaeng	*m̥raŋ			M R A N	
961	42	233	不	不	negative adverb	pjuw (bijX)	*pə			P Ə	
962	42	233	廌	存	be present	dzwon	*[dz]ˤə[n]	，		C Ə N	
963	42	234	⿰𧥧系	由	preposition	yuw	*l[u]			L U	
964	42	234	邦	邦	state	paewng	*pˤroŋ			P R O N	
965	42	234	⿰馬⿱午又	御	conduct	ngjoX	*m-qʰ(r)aʔ			K R A K	
966	42	234	之	之	anaphoric subtitute of the object	tsyi	*tə	，		T Ə	
967	42	235	此	此	this	tshjeX	*[tsʰ]e(j)ʔ			C E J K	
968	42	235	出	出	exit	tsyhwijH	*t-kʰut-s			K U T	
969	42	235	帀	師	troop	srij	*srij			S R I J	
970	42	236	之	之	conjunction	tsyi	*tə			T Ə	
971	42	235	幾	機	crucial moment	kj+j	*kəj	。	∟ punctuation	K Ə J	
972	42	236	⿵戕口 公	莊公	duke Zhuang (personal name)	tsrjang kuwng	*[ts]raŋ // *C.qˤoŋ		- hyphen type punctuation	C R A N // X . K O N	
973	42	236	或	又	conjunction	hjuwH	*[ɢ]ʷəʔ-s			K Ə K	
974	42	236	䎽	問	ask	mjunH	*C.mu[n]-s			X . M U N	
975	42	237	曰	曰	say	hjwot	*[ɢ]ʷat	：		K A T	
976	42	237	三	三	three	sam	*s.rum			S . R U M	
977	42	237	軍	軍	army	kjun	*[k]ʷər			K Ə R	
978	42	237	⿱林邑⿰戈	潛	secretely	dzjem	*[dz][a]m 			C A M	
979	42	237	果	裹	encircle	kwaX	*s.[k]ˤo[r]ʔ	⿰戈丮 it should stand for 		S . K O R K	
980	42	237	又	有	have	hjuwX	*[ɢ]ʷəʔ			K Ə K	
981	42	237	幾	機	crucial moment	kj+j	*kəj			K Ə J	
982	42	237	⿱虎口	乎	modal particle	hu // hu	*ɢˤa	？		K A	
983	42	238	⿱合曰	答	reply	top	*[t]ˤ[u]p			T U P	
984	42	238	曰	曰	say	hjwot	*[ɢ]ʷat	：		K A T	
985	42	239	又	有	have	hjuwX	*[ɢ]ʷəʔ	。		K Ə K	
986	42	240	臣	臣	minister	dzyin	*[g]i[ŋ]			K I N	
987	42	240	䎽	聞	hear	mjun	*mu[n]			M U N	
988	43	240	之	之	cataphoric substitute of the object	tsyi	*tə	：		T Ə	
989	43	241	三	三	three	sam	*s.rum			S . R U M	
990	43	241	軍	軍	army	kjun	*[k]ʷər			K Ə R	
991	43	241	未	未	negative adverb	mj+jH	*m[ə]t-s			M Ə T	
992	43	241	成	成	complete	dzyeng	*m-[d]eŋ			T E N	
993	43	241	⿰申戈	陳	battle array	drin	*lri[n]	，		L R I N	
994	43	242	未	未	negative adverb	mj+jH	*m[ə]t-s		≠ AD	M Ə T	
995	43	242	⿰谷象⿱土	舍	barracks	syaeH // syaeX	*[l̥]Ak-s // *l̥Aʔ	，		L A K // L A K	
996	43	243	行	行	go up	haeng // haengH // hang (hangH)	*[g]ˤaŋ // *Cə.[g]ˤraŋ // *[g]ˤraŋ-s			K A N // X Ə . K R A N // K R A N	
997	43	243	⿱反土	阪	slope	pjonX (baenX)	*pa[n]ʔ			P A N K	
998	43	243	淒	濟	cross	tsejH	*[ts]ˤ[e]j(ʔ)-s			C E J K	
999	43	243	⿱障土	障	obstacle	tsyang / tsyangH	*taŋ(-s)	，		T A N	
1000	43	244	此	此	this	tshjeX	*[tsʰ]e(j)ʔ			C E J K	
1001	43	244	⿱林邑⿰戈	潛	secretely	dzjem	*[dz][a]m 			C A M	
1002	43	244	果	裹	encircle	kwaX	*s.[k]ˤo[r]ʔ			S . K O R K	
1003	43	244	之	之	conjunction	tsyi	*tə			T Ə	
1004	43	244	幾	機	crucial moment	kj+j	*kəj			K Ə J	
1005	43	245	⿵戕口 公	莊公	duke Zhuang (personal name)	tsrjang	*[ts]raŋ			C R A N	
1006	43	245	或	又	conjunction	kuwng hjuwH	*C.qˤoŋ // *[ɢ]ʷəʔ-s			X . K O N // K Ə K	
1007	43	245	䎽	問	ask	mjunH	*C.mu[n]-s			X . M U N	
1008	43	245	曰	曰	say	hjwot	*[ɢ]ʷat	：		K A T	
1009	43	246	⿰嘼戈	戰	war	tsyenH	*tar-s			T A R	
1010	43	246	又	有	have	hjuwX	*[ɢ]ʷəʔ			K Ə K	
1011	43	246	幾	機	crucial moment	kj+j	*kəj			K Ə J	
1012	43	246	⿱虎口	乎	modal particle	hu // hu	*ɢˤa	?		K A	
1013	43	247	⿱合曰	答	reply	top	*[t]ˤ[u]p			T U P	
1014	43	247	曰	曰	say	hjwot	*[ɢ]ʷat	：		K A T	
1015	43	248	又	有	have	hjuwX	*[ɢ]ʷəʔ	。		K Ə K	
1016	43	249	亓	其	nominalization marker	gi	*gə			K Ə	
1017	43	249	迲	去	depart	khjoH	*[k]ʰ(r)ap-s			K R A P	
1018	43	249	之	之	anaphoric subtitute of the object	tsyi	*tə			T Ə	
1019	44	219	不	不	negative adverb	pjuw (bijX)	*pə			P Ə	
1020	44	249	⿺辶⿰朱朱	速	speed	suwk	*[s]ˤok	，		S O K	
1021	44	250	亓	其	nominalization marker	gi	*gə			K Ə	
1022	44	250	⿺辶⿳亠口曰⿱京	就	go	dzjuwH	*[dz]u[k]-s			C U K	
1023	44	250	之	之	anaphoric subtitute of the object	tsyi	*tə			T Ə	
1024	44	250	不	不	negative adverb	pjuw (bijX)	*pə			P Ə	
1025	44	250	尃	迫	urge	paek	*Cə.pˤrak	，		X Ə . P R A K	
1026	44	251	亓	其	nominalization marker	gi	*gə			K Ə	
1027	44	251	啟節	啟節	get started 	khejX tset	*kʰˤeʔ / *kʰˤijʔ // *tsˤik			K E K / K I J K // C I K	
1028	44	251	不	不	negative adverb	pjuw (bijX)	*pə			P Ə	
1029	44	251	疾	疾	urgent	dzit	*[dz]i[t]	，		C I T	
1030	44	252	此	此	tihis	tshjeX	*[tsʰ]e(j)ʔ			C E J K	
1031	44	252	⿰嘼戈	戰	war	tsyenH	*tar-s			T A R	
1032	44	252	之	之	conjunction	tsyi	*tə			T Ə	
1033	44	252	幾	機	crucial moment	kj+j	*kəj	。		K Ə J	
1034	44	253	是古	是故	conjunction	dzyeX kuH	*[d]eʔ ! // *kˤa(ʔ)-s // *kˤaʔ-s			T E K // K A K // K A K	
1035	44	254	矣	疑	doubt	ngi	*[ŋ](r)ə			N R Ə	
1036	44	254	⿰申戈	陳	battle array	drin	*lri[n]			L R I N	
1037	44	254	⿱目貝⿰攴	敗	defeat	baejH	*N-pˤra[t]-s	，		P R A T	
1038	44	254	矣	疑	doubt	ngi	*[ŋ](r)ə			N R Ə	
1039	44	254	⿰嘼戈	戰	war	tsyenH	*tar-s			T A R	
1040	44	254	死	死	die	sijX	*sijʔ	。		S I J K	
1041	44	255	⿵戕口 公	莊公	duke Zhuang (personal name)	tsrjang kuwng	*[ts]raŋ // *C.qˤoŋ			C R A N // X . K O N	
1042	44	255	或	又	conjunction	hjuwH	*[ɢ]ʷəʔ-s			K Ə K	
1043	44	255	䎽	問	ask	mjunH	*C.mu[n]-s			X . M U N	
1044	44	255	曰	曰	say	hjwot	*[ɢ]ʷat	：		K A T	
1045	44	256	既	既	finish	kj+jH	*[k]ə[t]-s			K Ə T	
1046	44	256	⿰嘼戈	戰	war	tsyenH	*tar-s			T A R	
1047	44	256	又	有	have	hjuwX	*[ɢ]ʷəʔ			K Ə K	
1048	44	256	幾	機	crucial moment	kj+j	*kəj			K Ə J	
1049	44	256	⿱虎口	乎	modal particle	hu // hu	*ɢˤa	?		K A	
1050	44	257	⿱合曰	答	reply	top	*[t]ˤ[u]p			T U P	
1051	45	257	曰	曰	say	hjwot	*[ɢ]ʷat	：		K A T	
1052	45	258	又	有	have	hjuwX	*[ɢ]ʷəʔ	。		K Ə K	
1053	45	259	亓	其	nominalization marker	gi	*gə			K Ə	
1054	45	259	賞	賞	admire	syangX	*s-taŋʔ			T A N K	
1055	45	259	𧬨	鮮	light	sjen	*s[a]r			S A R	
1056	45	259	⿰虘又	且	conjunction	tsjo	*tsa			C A	
1057	45	259	不	不	negative adverb	pjuw (bijX)	*pə			P Ə	
1058	45	259	中	中	trust	trjuwng	*truŋ	，		T R U N	
1059	45	260	亓	其	nominalization marker	gi	*gə			K Ə	
1060	45	260	䛠 	誅	condemn	trju	*tro			T R O	
1061	45	260	⿰石又	厚	heavy	huwX	*Cə.[g]ˤ(r)oʔ			X Ə . K R O K	
1062	45	260	⿰虘又	且	conjunction	tsjo	*tsa			C A	
1063	45	260	不	不	negative adverb	pjuw (bijX)	*pə			P Ə	
1064	45	260	⿰言⿱山乂	察	control	tsrheat	*[tsʰ]ˤret	。		C R E T	
1065	45	261	死	死	die	sijX	*sijʔ			S I J K	
1066	45	261	者	者	nominalization marker	tsyaeX	*tAʔ			T A K	
1067	45	261	弗	弗	negative adverb	pjut	! *put // *p[u]t // *put			P U T // P U T // P U T	
1068	45	261	丩	收	receive	syuw	*s-kiw	，		K I W	
1069	45	262	剔	傷	injure	syang	*l̥aŋ			L A N	
1070	45	262	者	者	nominalization marker	tsyaeX	*tAʔ			T A K	
1071	45	262	弗	弗	negative adverb	pjut	! *put // *p[u]t // *put			P U T // P U T // P U T	
1072	45	262	䎽	問	ask	mjunH	*C.mu[n]-s	，		X . M U N	
1073	45	263	既	既	finish	kj+jH	*[k]ə[t]-s			K Ə T	
1074	45	263	⿰嘼戈	戰	war	tsyenH	*tar-s			T A R	
1075	45	263	而	而	conjunction	nyi	*nə			N Ə	
1076	45	263	又	有	have	hjuwX	*[ɢ]ʷəʔ			K Ə K	
1077	45	263	⿺怠⿹𠃌一	怠	laziness	dojX	*lˤəʔ		hewen	L Ə K	
1078	45	263	心	心	heart	sim	*səm	，		S Ə M	
1079	45	264	此	此	this	tshjeX	*[tsʰ]e(j)ʔ			C E J K	
1080	45	264	既	既	finish	kj+jH	*[k]ə[t]-s			K Ə T	
1081	45	264	⿰嘼戈	戰	war	tsyenH	*tar-s			T A R	
1082	45	264	之	之	conjunction	tsyi	*tə			T Ə	
1083	45	264	幾	機	crucial moment	kj+j	*kəj	。	∟ punctuation	K Ə J	
1084	45	265	⿵戕口 公	莊公	duke Zhuang (personal name)	tsrjang kuwng	*[ts]raŋ // *C.qˤoŋ			C R A N // X . K O N	
1085	46	265	或	又	conjunction	hjuwH	*[ɢ]ʷəʔ-s			K Ə K	
1086	46	265	䎽	問	ask	mjunH	*C.mu[n]-s			X . M U N	
1087	46	265	曰	曰	say	hjwot	*[ɢ]ʷat	：		K A T	
1088	46	266	⿺辶复	復		bjuwH	*[N]-pruk-s			P R U K	
1089	46	266	⿱目貝⿰攴	敗	defeat	baejH	*N-pˤra[t]-s			P R A T	
1090	46	266	⿰嘼戈	戰	war	tsyenH	*tar-s			T A R	
1091	46	266	又	有	have	hjuwX	*[ɢ]ʷəʔ			K Ə K	
1092	46	266	道	道	way	dawX	*[kə.l]ˤuʔ			K Ə . L U K	
1093	46	266	⿱虎口	乎	modal particle	hu // hu	*ɢˤa	?		K A	
1094	46	267	⿱合曰	答	reply	top	*[t]ˤ[u]p			T U P	
1095	46	267	曰	曰	say	hjwot	*[ɢ]ʷat	：		K A T	
1096	46	268	又	有	have	hjuwX	*[ɢ]ʷəʔ	。		K Ə K	
1097	46	269	三	三	three	sam	*s.rum			S . R U M	
1098	46	269	軍	軍	army	kjun	*[k]ʷər			K Ə R	
1099	46	269	大	大	great	dajH	*lˤa[t]-s			L A T	
1100	46	269	⿱目貝⿰攴	敗	defeat	baejH	*N-pˤra[t]-s	，		P R A T	
1101	27	270	毋	毋	negative adverb	mju	*mo			M O	
1102	27	270	⿰貝豆	誅	condemn	trju	*tro			T R O	
1103	27	270	而	而	conjunction	nyi	*nə			N Ə	
1104	27	270	賞	賞	admire	syangX	*s-taŋʔ	，		T A N K	
1105	27	271	毋	毋	negative adverb	mju	*mo			M O	
1106	27	271	⿱自幸	罪	crime	dzwojX	*[dz]ˤujʔ			C U J K	
1107	27	271	百眚	百姓	people	paek sjengH	*pˤrak // *seŋ-s			P R A K // S E N	
1108	27	271	而	而	conjunction	nyi	*nə			N Ə	
1109	27	271	改	改	change	kojX	*C.qˤəʔ			X . K Ə K	
1110	27	271	亓	其	possessive pronoun	gi	*gə			K Ə	
1111	27	271	⿺辶⿷匚羊	將	general	tsjang	*[ts]aŋ	。		C A N	
1112	27	272	君	君	sovereign	kjun	*C.qur			X . K U R	
1113	27	272	女	如	if	nyo	*na			N A	
1114	27	272	⿰見辛	親	personally	tshin	*[tsʰ]i[n]			C I N	
1115	27	272	⿲彳⿱幺止亍	率	lead	lwit // srwit // srwijH // lwijH	! *[r]ut // *s-rut // *s-rut-s // *[r]ut-s	，		R U T // R U T // R U T // R U T	
1116	63	273	乃	乃	conjunction	nojX	! *nˤə(ŋ)ʔ // *nˤəʔ			N Ə N K // N Ə K	
1117	63	273	自	自	reflexive pronoun	dzijH	*s.[b]i[t]-s			S . P I T	
1118	63	273	⿱化心	過	blame	kwaH	*kʷˤaj-s			Kw A J	
1119	63	273	以	以	conjunction	yiX	*ləʔ			L Ə K	
1120	63	273	敚	悅	acquiesce	ywet	*lrot			L R O T	
1121	63	273	於	於	preposition	u	*[ʔ]ˤa			K A	
1122	63	273	⿱萬土	萬	ten thousand	mjonH	*C.ma[n]-s			X . M A N	
1123	63	273	民	民	people	mjin	*mi[ŋ]	，		M I N	
1124	63	274	弗	弗	negative adverb	pjut	! *put // *p[u]t // *put			P U T // P U T // P U T	
1125	63	274	⿰玉⿱文𢆉	拒	deny	duX	?			«?»	
1126	63	274	⿱危土	跪	bow	gjweX (khjweX)	*[g](r)ojʔ			K R O J K	
1127	63	274	⿱陀土	地	land	dijH	*[l]ˤej-s	，		L E J	
1128	63	275	毋	毋	negative adverb	mju	*mo			M O	
1129	63	275	火	火	fire	xwaX	*[qʷʰ]ˤəjʔ			Kw Ə J K	
1130	63	275	⿰食人	食	eat	zyik	*mə-lək	。		L Ə K	
1131	47	276	死	死	die	sijX	*sijʔ	【		S I J K	
1132	47	276	者	者	nominalization marker	tsyaeX	*tAʔ	】		T A K	
1133	47	276	收	收	receive	syuw	*s-kiw			K I W	
1134	47	276	之	之	anaphoric subtitute of the object	tsyi	*tə	，		T Ə	
1135	47	277	剔	傷	injure	syang	*l̥aŋ			L A N	
1136	47	277	者	者	nominalization marker	tsyaeX	*tAʔ			T A K	
1137	47	277	䎽	問	ask	mjunH	*C.mu[n]-s			X . M U N	
1138	47	277	之	之	anaphoric subtitute of the object	tsyi	*tə	，		T Ə	
1139	47	278	善	善	good	dzyenX	*[d]a[n]ʔ			T A N K	
1140	47	278	於	於	preposition	u	*[ʔ]ˤa			K A	
1141	47	278	死	死	die	sijX	*sijʔ			S I J K	
1142	47	278	者	者	nominalization marker	tsyaeX	*tAʔ			T A K	
1143	47	278	為	為	be 	hjwe // hjweH	! *ɢʷ(r)aj // *ɢʷ(r)aj-s			Kw R A J // Kw R A J	
1144	47	278	生	生	live	sraeng	*sreŋ			S R E N	
1145	47	278	者	者	nominalization marker	tsyaeX	*tAʔ	。	∟ punctuation	T A K	
1146	47	279	君	君	sovereign	kjun	*C.qur			X . K U R	
1147	23	279	必	必	must	pjit	*pi[t]			P I T	
1148	23	279	聚	聚	gather	dzjuH	*m-tsʰoʔ-s			C O K	
1149	23	279	群	群	all	gjun	*[g]ur			K U R	
1150	23	279	又	有	have	hjuwX	*[ɢ]ʷəʔ			K Ə K	
1151	23	279	司	司	administer	si	*s-lə			L Ə	
1152	23	279	而	而	conjunction	nyi	*nə			N Ə	
1153	23	279	吿	告	see	kowk	*kˤuk			K U K	
1154	23	279	之	之	anaphoric subtitute of the object	tsyi	*tə	，		T Ə	
1155	23	280	曰	曰	say	hjwot	*[ɢ]ʷat	：		K A T	
1156	23	281	二	二	two	nyijH	*ni[j]-s			N I J	
1157	23	281	厽	三	three	sam	*s.rum			S . R U M	
1158	23	281	子	子	you	tsiX	! *[ts]əʔ // *tsəʔ			C Ə K // C Ə K	
1159	23	281	⿱亓子	勉	force	mjenX	*mr[o][r]ʔ			M R O R K	
1160	23	281	之	之	anaphoric subtitute of the object	tsyi	*tə	。		T Ə	
1161	23	282	⿱化心	過	fault	kwaH	*kʷˤaj-s			Kw A J	
1162	23	282	不	不	negative adverb	pjuw (bijX)	*pə			P Ə	
1163	23	282	才	在	be present	dzojX (tsojH)	*[dz]ˤəʔ			C Ə K	
1164	23	282	子	子	you	tsiX	! *[ts]əʔ // *tsəʔ			C Ə K // C Ə K	
1165	23	282	才	在	be present	dzojX (tsojH)	*[dz]ˤəʔ			C Ə K	
1166	51	282	寡人	寡人	I miserable	kwaeX nyin	*[C.k]ʷˤraʔ // *ni[ŋ]	，		X . K R A K // N I N	
1167	51	283	⿸虍壬	吾	I	ngu	*ŋˤa			N A	
1168	51	283	⿰嘼戈	戰	war	tsyenH	*tar-s			T A R	
1169	51	283	啻	敵	enemy	dek	*[d]ˤek			T E K	
1170	51	283	不	不	negative adverb	pjuw (bijX)	*pə			P Ə	
1171	51	283	訓	順	obey	zywinH	*Cə.lu[n]-s			X Ə . L U N	
1172	51	283	於	於	preposition	u	*[ʔ]ˤa			K A	
1173	51	283	天	天	heaven	then	*l̥ˤi[n]			L I N	
1174	51	283	命	命	mandate	mjaengH	*m-riŋ-s	。		R I N	
1175	51	284	反	返	return	pjonX	*Cə.panʔ			X Ə . P A N K	
1176	51	284	帀	師	troop	srij	*srij	，		S R I J	
1177	51	285	⿰爿酉	將	aspectual marker	tsjang	*[ts]aŋ			C A N	
1178	51	285	⿺辶复	復	return	bjuwH	*[N]-pruk-s			P R U K	
1179	51	285	⿰嘼戈	戰	war	tsyenH	*tar-s	，		T A R	
1180	29	286	必	必	must	pjit	*pi[t]			P I T	
1181	29	286	訋	詔	summon / exhort?	tsyewX	*[d]ewʔ			T E W K	
1182	29	286	邦	邦	state	paewng	*pˤroŋ			P R O N	
1183	29	286	之	之	conjunction	tsyi	*tə			T Ə	
1184	29	286	貴人	貴人	noble	kjw+jH nyin	*kuj-s // *ni[ŋ]			K U J // N I N	
1185	29	286	及	及	conjunction	gip	*[m-k-]rəp			R Ə P	
1186	29	286	邦	邦	state	paewng	*pˤroŋ			P R O N	
1187	29	286	之	之	conjunction	tsyi	*tə			T Ə	
1188	29	286	可士	奇士	extraordinary man	kje dzriX	*[k](r)aj // *[m-s-]rəʔ			K R A J // M «-» R Ə K	
1189	29	287	𠈌	從	follow	dzjowng // dzjowngH // tsjowng (tshjowng)	*tsoŋ // *[dz]oŋ-s // *[dz]oŋ			C O N // C O N // C O N	
1190	29	287	⿰力𰠄	卒	soldier	tswit // tswot (tshwot)	*[ts]ˤut // *[ts]ut			C U T // C U T	
1191	29	287	⿴占一⿱ 又 人	事	engage	dzriH	*[m-s-]rəʔ-s			M «-» R Ə K	
1192	29	287	兵	兵	weapon	pjaeng	*praŋ	，		P R A N	
1193	29	288	毋	毋	negative adverb	mju	*mo			M O	
1194	29	288	⿺辶复	復	return	bjuwH	*[N]-pruk-s			P R U K	
1195	29	288	先	先	previous	sen	*sˤər			S Ə R	
1196	24	288	常	常	norm	dzyang	*[d]aŋ	。		T A N	
1197	24	289	凡	凡	all	bjuwng	*bəŋ			P Ə N	
1198	24	289	貴人	貴人	noble	kjw+jH nyin	*kuj-s // *ni[ŋ]			K U J // N I N	
1199	24	289	囟	使	send	sriH // sriX	! *s-rəʔ-s // *s-rəʔ			R Ə K // R Ə K	
1200	24	289	凥	處	stay	tsyhoX	*t.qʰaʔ	[		T . K A K	
1201	24	289	歬	前	front	dzen	*[dz]ˤen			C E N	
1202	24	289	立	位	position	hwijH	*[ɢ]ʷrəp-s			K R Ə P	
1203	24	289	一	一	one	jit	*ʔi[t]			K I T	
1204	24	289	行	行	line	haeng // haengH // hang (hangH)	*[g]ˤaŋ // *Cə.[g]ˤraŋ // *[g]ˤraŋ-s	。]		K A N // X Ə . K R A N // K R A N	
1205	24	290	退	退	retire	thwojH	*n̥ˤ[u]p-s			N U P	
1206	24	290	則	則	conjunction	tsok	*[ts]ˤək			C Ə K	
1207	24	290	見	見	see	henH // kenH // henH	! *N-[k]ˤen-s // *[k]ˤen-s // *m-[k]ˤen-s			K E N // K E N // K E N	
1208	24	290	亡	亡	death	mjang	*maŋ	，		M A N	
1209	24	291	進	進	advance	tsinH	*[ts][i][n]-s			C I N	
1210	50	291	則	則	conjunction	tsok	*[ts]ˤək			C Ə K	
1211	50	291	⿱夕录	祿	emolument	luwk	*[r]ˤok			R O K	
1212	50	291	⿱艸隹	爵	honour	tsjak	*[ts]ewk			C E WK	
1213	50	292	又	有	have	hjuwX	*[ɢ]ʷəʔ			K Ə K	
1214	50	292	常	常	norm	syangX	*s-taŋʔ	，		T A N K	
1215	50	293	幾	機	crucial moment	kj+j	*kəj			K Ə J	
1216	50	293	莫	莫	none	mak	*mˤak			M A K	
1217	50	293	之	之	anaphoric subtitute of the object	tsyi	*tə			T Ə	
1218	50	293	⿱尚立	當	appropriate	tangH	*tˤaŋ-s			T A N	
1219	50	294	⿵戕口 公	莊公	duke Zhuang (personal name)	tsrjang kuwng	*[ts]raŋ // *C.qˤoŋ			C R A N // X . K O N	
1220	50	294	或	又	conjunction	hjuwH	*[ɢ]ʷəʔ-s			K Ə K	
1221	50	294	䎽	問	ask	mjunH	*C.mu[n]-s			X . M U N	
1222	50	294	曰	曰	say	hjwot	*[ɢ]ʷat	：		K A T	
1223	50	295	⿺辶复	復	return	bjuwH	*[N]-pruk-s			P R U K	
1224	50	295	⿰䏌又⿱皿	班	bring back	paen	*pˤan			P A N	
1225	50	295	⿰嘼戈	戰	war	tsyenH	*tar-s			T A R	
1226	50	295	又	有	have	hjuwX	*[ɢ]ʷəʔ			K Ə K	
1227	50	295	道	道	way	dawX	*[kə.l]ˤuʔ			K Ə . L U K	
1228	50	295	⿱虎口	乎	modal particle	hu // hu	*ɢˤa	？[		K A	
1229	50	296	⿱合曰	答	reply	top	*[t]ˤ[u]p			T U P	
1230	50	296	曰	曰	say	hjwot	*[ɢ]ʷat	：		K A T	
1231	50	297	又	有	have	hjuwX	*[ɢ]ʷəʔ	。		K Ə K	
1232	50	298	既	既	already	kj+jH	*[k]ə[t]-s			K Ə T	
1233	50	298	⿰嘼戈	戰	war	tsyenH	*tar-s			T A R	
1234	50	298	⿺辶复	復	return	bjuwH	*[N]-pruk-s			P R U K	
1235	50	298	⿰谷象	舍	camp	syaeH // syaeX	! *[l̥]Ak-s // *l̥Aʔ	，		L A K // L A K	
1236	50	299	虎	號	issue	hawH	*Cə.[g]ˤaw-s			X Ə . K A W	
1237	50	299	命	令	order 	leng // ljeng // ljengH (ljen)	*riŋ // *riŋ-s // *[r]ˤiŋ			R I N // R I N // R I N	
1238	50	299	於	於	preposition	u	*[ʔ]ˤa			K A	
1239	50	299	軍	軍	troop	kjun	*[k]ʷər	]		K Ə R	
1240	50	299	中	中	middle	trjuwng	*truŋ	，		T R U N	
1241	51	300	曰	曰	say	hjwot	*[ɢ]ʷat	：		K A T	
1242	51	301	纏	繕	repair	dzyenH	*[d]a[n]ʔ-s			T A N K	
1243	51	301	⿸虍羍	甲	armour	kaep	*[k]ˤr[a]p			K R A P	
1244	51	301	利	利	benefit	lijH	*C.ri[t]-s			X . R I T	
1245	51	301	兵	兵	weapon	pjaeng	*praŋ	，		P R A N	
1246	51	302	⿱明示 日	明日	tomorrow	mjaeng nyit	*mraŋ // *C.nik			M R A N // X . N I K	
1247	51	302	⿰爿酉	將	aspectual marker	tsjang	*[ts]aŋ			C A N	
1248	51	302	⿰嘼戈	戰	war	tsyenH	*tar-s	。		T A R	
1249	51	303	測	測	measure	tsrhik	*[tsʰ]rək			C R Ə K	
1250	51	303	⿱臼亓⿰戈	毀	destruction	xjweX	*[m̥](r)ajʔ			M R A J K	
1251	51	303	厇	度	estimate	dak	*[d]ˤak			T A K	
1252	51	303	則	傷	injury	syang	*l̥aŋ	,		L A N	
1253	51	304	以	以	conjunction	yiX	*ləʔ			L Ə K	
1254	51	304	⿰䏌又⿱皿	班	rang	paen	*pˤan			P A N	
1255	51	304	⿺辶⿳亠口曰⿱京	就	go	dzjuwH	*[dz]u[k]-s			C U K	
1256	51	304	行	行	line	haeng // haengH // hang (hangH)	*[g]ˤaŋ // *Cə.[g]ˤraŋ // *[g]ˤraŋ-s	，		K A N // X Ə . K R A N // K R A N	
1257	31	305	⿺辶旅	失	loose	syit	*l̥i[t]			L I T	
1258	31	305	車	車	chariot	tsyhae	*[t.qʰ](r)A			T . K R A	
1259	31	305	⿸虍羍	甲	armour	kaep	*[k]ˤr[a]p	，		K R A P	
1260	31	306	命	命	order 	mjaengH	*m-riŋ-s			R I N	
1261	31	306	之	之	anaphoric subtitute of the object	tsyi	*tə			T Ə	
1262	31	306	毋	無	not have	mju (mu)	*ma // *mo // *ma			M A // M O // M A	
1263	31	306	行	行	line	haeng // haengH // hang (hangH)	*[g]ˤaŋ // *Cə.[g]ˤraŋ // *[g]ˤraŋ-s	。		K A N // X Ə . K R A N // K R A N	
1264	31	307	盟日	明日	tomorrow	mjaeng nyit	*mraŋ // *C.nik		hewen	M R A N // X . N I K	
1265	31	307	⿰爿酉	將	aspectual marker	tsjang	*[ts]aŋ 			C A N	
1266	31	307	⿰嘼戈	戰	war	tsyenH	*tar-s	，		T A R	
1267	31	308	思	使	send	sriH // sriX	! *s-rəʔ-s // *s-rəʔ			R Ə K // R Ə K	
1268	31	308	為	為	be	hjwe // hjweH	! *ɢʷ(r)aj // *ɢʷ(r)aj-s			Kw R A J // Kw R A J	
1269	31	308	歬	前	front	dzen	*[dz]ˤen			C E N	
1270	31	308	行	行	line	haeng // haengH // hang (hangH)	*[g]ˤaŋ // *Cə.[g]ˤraŋ // *[g]ˤraŋ-s	。		K A N // X Ə . K R A N // K R A N	
1271	31	309	⿰見枼	諜	spy	dep	*lˤep			L E P	
1272	31	309	人	人	person	nyin	*ni[ŋ]			N I N	
1273	32	309	⿱來止	來	come	loj	*mə.rˤək			M Ə . R Ə K	
1274	32	309	告	告	tell	kowk	*kˤuk			K U K	
1275	32	310	曰	曰	say	hjwot	*[ɢ]ʷat	：		K A T	
1276	32	311	亓	其	possessive pronoun	gi	*gə			K Ə	
1277	32	311	⿺辶⿷匚羊	將	conduct	tsjang	*[ts]aŋ			C A N	
1278	32	311	⿲彳⿱幺止亍	帥	lead	srwijH (srwit)	*s-rut-s			R U T	
1279	32	311	⿹聿彡	盡	all	tsinX	*tsi[n]ʔ			C I N K	
1280	32	311	剔	傷	injure	syang	*l̥aŋ	，		L A N	
1281	32	312	⿰車戈	車	chariot	tsyhae	*[t.qʰ](r)A			T . K R A	
1282	32	312	連	輦	vehicule	ljenX	*[r][a][n]ʔ			R A N K	
1283	32	312	皆	皆	all	keaj	*kˤrij			K R I J	
1284	32	312	栽	災	damage	tsoj	*[ts]ˤə	，		C Ə	
1285	32	313	曰	曰	say	hjwot	*[ɢ]ʷat			K A T	
1286	32	313	⿰爿酉	將	aspectual marker	tsjang	*[ts]aŋ			C A N	
1287	32	313	⿱日棗	早	early	tsawX	*Nə.tsˤuʔ			«N» Ə . C U K	
1288	32	313	行	行	march	haeng // haengH // hang (hangH)	*[g]ˤaŋ // *Cə.[g]ˤraŋ // *[g]ˤraŋ-s	。		K A N // X Ə . K R A N // K R A N	
1289	32	314	乃	乃	conjunction	nojX	! *nˤə(ŋ)ʔ // *nˤəʔ			N Ə N K // N Ə K	
1290	32	314	命	命	order	mjaengH	*m-riŋ-s			R I N	
1291	32	314	白徒	白徒	complementary conscripts	baek du	*bˤrak // *[d]ˤa			P R A K // T A	
1292	32	314	⿱日棗	早	early	tsawX	*Nə.tsˤuʔ			«N» Ə . C U K	
1293	32	314	⿰食人	食	eat	zyik	*mə-lək			L Ə K	
1294	32	314	⿰共戈	供	provide	kjowng	*koŋ			K O N	
1295	32	314	兵	兵	weapon	pjaeng	*praŋ	，		P R A N	
1296	32	315	各	各	each	kak	*kˤak			K A K	
1297	32	315	載	載	carry	tsojH	! *[ts]ˤə[ʔ]-s // *[ts]ˤəʔ-s			C Ə K // C Ə K	
1298	32	315	尔	爾	your	nyeX	*n[ə][r]ʔ			N Ə R K	
1299	32	315	贓	贓	spoils	tsang	*[ts]ˤaŋ	。		C A N	
1300	32	316	既	既	already	kj+jH	*[k]ə[t]-s			K Ə T	
1301	32	316	⿰嘼戈	戰	war	tsyenH	*tar-s			T A R	
1302	32	316	⿰爿酉	將	aspectual marker	tsjang	*[ts]aŋ			C A N	
1303	32	316	⿰量攴	敷	distribite	phju	*pʰ(r)a	，		P R A	
1304	32	317	為	為	do	hjwe // hjweH	! *ɢʷ(r)aj // *ɢʷ(r)aj-s			Kw R A J // Kw R A J	
1305	32	317	之	之	anaphoric subtitute of the object	tsyi	*tə			T Ə	
1306	52	317	毋	毋	negative adverb	mju	*mo			M O	
1307	52	317	⿺怠⿹𠃌一	怠	laziness	dojX	*lˤəʔ	，		L Ə K	
1308	52	318	毋	毋	negative adverb	mju	*mo			M O	
1309	52	318	囟	使	let	sriH // sriX	! *s-rəʔ-s // *s-rəʔ			R Ə K // R Ə K	
1310	52	318	民	民	people	mjin	*mi[ŋ]			M I N	
1311	52	318	矣	疑	doubt	ngi	*[ŋ](r)ə	。		N R Ə	
1312	52	318	﨤	及	conjunction	gip	*[m-k-]rəp			R Ə P	
1313	52	319	尔	爾	your	nyeX	*n[ə][r]ʔ			N Ə R K	
1314	52	319	龜	龜	turtle	kwij	*[k]ʷrə			K R Ə	
1315	52	319	⿱艸啻	筮	achillea stalks	dzyejH	*[d][e][t]-s	,		T E T	
1316	52	319	皆	皆	all	keaj	*kˤrij			K R I J	
1317	52	319	⿱亠舛⿳几力	勝	win 	sying	*l̥əŋ			L Ə N	
1318	52	319	之	之	anaphoric subtitute of the object	tsyi	*tə	。		T Ə	
1319	52	320	改	改	change	kojX	*C.qˤəʔ			X . K Ə K	
1320	52	320	⿱修示	調	tone 	dew (trjuw)	*[d]ˤiw			T I W	
1321	52	320	尔	爾	your	nyeX	*n[ə][r]ʔ			N Ə R K	
1322	52	320	鼔	鼓	drum	kuX	*[k]ˤaʔ	，		K A K	
1323	52	321	乃	乃	conjunction	nojX	! *nˤə(ŋ)ʔ // *nˤəʔ			N Ə N K // N Ə K	
1324	52	321	⿺辶⿱止羍	屏	get rid 	yit	*lrit 			L R I T	
1325	52	321	亓	其	possessive pronoun	gi	*gə			K Ə	
1326	52	321	備	虜	captive	luX	*C.rˤaʔ	。		X . R A K	
1327	52	322	盟日	明日	tomorrow	mjaeng nyit	*mraŋ // *C.nik			M R A N // X . N I K	
1328	52	322	⿺辶复	復	return	bjuwH	*[N]-pruk-s			P R U K	
1329	52	322	⿰申戈	陳	battle array	drin	*lri[n]	，		L R I N	
1330	52	322	必	必	must	pjit	*pi[t]			P I T	
1331	52	322	⿱化心	過	pass	kwaH	*kʷˤaj-s			Kw A J	
1332	52	322	亓	其	possessive pronoun	gi	*gə			K Ə	
1333	52	322	所	所	place	srjoX // xuX	! *s-qʰaʔ // *qʰaʔ	。		K A K // K A K	
1334	52	323	此	此	this	tshjeX	*[tsʰ]e(j)ʔ			C E J K	
1335	53	323	⿺辶复	復	return	bjuwH	*[N]-pruk-s			P R U K	
1336	53	323	⿰䏌又⿱皿	班	rang	paen	*pˤan			P A N	
1337	53	323	⿰嘼戈	戰	war	tsyenH	*tar-s			T A R	
1338	53	323	之	之	conjunction	tsyi	*tə			T Ə	
1339	53	323	道	道	way	dawX	*[kə.l]ˤuʔ	。		K Ə . L U K	
1340	53	324	⿵戕口 公	莊公	duke Zhuang (personal name)	tsrjang kuwng	*[ts]raŋ // *C.qˤoŋ			C R A N // X . K O N	
1341	53	324	或	又	conjunction	hjuwH	*[ɢ]ʷəʔ-s			K Ə K	
1342	53	324	䎽	問	ask	mjunH	*C.mu[n]-s			X . M U N	
1343	53	324	曰	曰	say	hjwot	*[ɢ]ʷat	：		K A T	
1344	53	325	⿺辶复	復	return	bjuwH	*[N]-pruk-s			P R U K	
1345	53	325	甘	甘	easy	kam	*[k]ˤ[a]m			K A M	
1346	53	325	⿰嘼戈	戰	war	tsyenH	*tar-s			T A R	
1347	53	325	又	有	have	hjuwX	*[ɢ]ʷəʔ			K Ə K	
1348	53	325	道	道	way	dawX	*[kə.l]ˤuʔ			K Ə . L U K	
1349	53	325	⿱虎口	乎	modal particle	hu // hu	*ɢˤa	？		K A	
1350	53	326	⿱合曰	答	reply	top	*[t]ˤ[u]p			T U P	
1351	53	326	曰	曰	say	hjwot	*[ɢ]ʷat	：		K A T	
1352	53	327	又	有	have	hjuwX	*[ɢ]ʷəʔ	。		K Ə K	
1353	53	328	必	必	must	pjit	*pi[t]			P I T	
1354	60	328	⿱幺言⿰斤	慎	be careful	dzyinH	*[d]i[n]-s			T I N	
1355	60	328	以	以	preposition	yiX	*ləʔ			L Ə K	
1356	60	328	戒	戒	warn	keajH	*kˤrək-s	，		K R Ə K	
1357	60	329	如	如	modal particle	nyak // nyak	*nak			N A K	
1358	60	329	⿰爿酉	將	aspectual marker	tsjang	*[ts]aŋ			C A N	
1359	60	329	弗	弗	negative adverb	pjut	! *put // *p[u]t // *put			P U T // P U T // P U T	
1360	60	329	克	克	conquest	khok	*kʰˤək	。		K Ə K	
1361	60	330	毋	毋	negative adverb	mju	*mo			M O	
1362	60	330	目	冒	reckless	mawH (mok)	*mˤuk-s			M U K	
1363	60	330	以	以	conjunction	yiX	*ləʔ			L Ə K	
1364	60	330	⿺辶臽	陷	advance	heamH	*[ɢ]ˤromʔ-s	，		K R O M K	
1365	60	331	必	必	must	pjit	*pi[t]			P I T	
1366	60	331	⿺辶化	過	pass	kwaH	*kʷˤaj-s			Kw A J	
1367	60	331	歬	前	front	dzen	*[dz]ˤen			C E N	
1368	60	331	攻	功	merit	kuwng	*kˤoŋ	。		K O N	
1369	61	332	賞	賞	admire	syangX	*s-taŋʔ			T A N K	
1370	61	332	⿰丹隻	獲	gain	hweak	*m-qʷˤrak			Kw R A K	
1371	61	332	詣	指	point 	tsyijX	*mə.kijʔ			M Ə . K I J K	
1372	61	332	⿰土⿰幺幺⿱才	葸	fear	siX	*səʔ	，		S Ə K	
1373	61	333	以	以	conjunction	yiX	*ləʔ			L Ə K	
1374	61	333	懽	勸	exhort	khjwonH	*C.qʷʰar-s			X . Kw A R	
1375	61	333	亓	其	possessive pronoun	gi	*gə			K Ə	
1376	61	333	志	志	intention	tsyiH	*tək-s	。		T Ə K	
1377	61	334	埇	甬	courageous	yowngX	*loŋʔ			L O N K	
1378	61	334	者	者	nominalization marker	tsyaeX	*tAʔ			T A K	
1379	61	334	憙	喜	joy	xiX (xiH)	*qʰ(r)əʔ			K R Ə K	
1380	61	334	之	之	anaphoric subtitute of the object	tsyi	*tə	，		T Ə	
1381	61	334	之	之	anaphoric subtitute of the object	tsyi	*tə	，		T Ə	
1382	61	335	巟	慌	anxious	xwangX	*m̥ˤaŋʔ			M A N K	
1383	61	335	者	者	nominalization marker	tsyaeX	*tAʔ			T A K	
1384	61	335	⿱毋心	悔	blame	xwojX	*m̥ˤəʔ			M Ə K	
1385	61	335	之	之	anaphoric subtitute of the object	tsyi	*tə	，		T Ə	
1386	61	336	萬	萬	ten thousand	mjonH	*C.ma[n]-s			X . M A N	
1387	61	336	民	民	people	mjin	*mi[ŋ]			M I N	
1388	53	336	⿰章欠⿱鹵	黔	black	gjem	*[g](r)[o]m			K R O M	
1389	53	336	首	首	head	syuwH	*l̥uʔ-s			L U K	
1390	53	336	皆	皆	all	keaj	*kˤrij			K R I J	
1391	53	336	欲	欲	want	yowk	*ɢ(r)ok			K R O K	
1392	53	336	或	有	have	hjuwX	*[ɢ]ʷəʔ			K Ə K	
1393	53	336	之	之	anaphoric subtitute of the object	tsyi	*tə	。		T Ə	
1394	53	337	此	此	this	tshjeX	*[tsʰ]e(j)ʔ			C E J K	
1395	53	337	⿺辶复	復	return	bjuwH	*[N]-pruk-s			P R U K	
1396	53	337	甘	甘	fierce	kam	*[k]ˤ[a]m			K A M	
1397	53	337	⿰嘼戈	戰	war	tsyenH	*tar-s			T A R	
1398	53	337	之	之	conjunction	tsyi	*tə			T Ə	
1399	53	337	道	道	way	dawX	*[kə.l]ˤuʔ	。		K Ə . L U K	
1400	53	338	⿵戕口 公	莊公	duke Zhuang (personal name)	tsrjang kuwng	*[ts]raŋ // *C.qˤoŋ			C R A N // X . K O N	
1401	53	338	或	又	conjunction	hjuwH	*[ɢ]ʷəʔ-s			K Ə K	
1402	53	338	䎽	問	ask	mjunH	*C.mu[n]-s			X . M U N	
1403	54	338	曰	曰	say	hjwot	*[ɢ]ʷat	：		K A T	
1404	54	339	⿺辶复	復	return	bjuwH	*[N]-pruk-s			P R U K	
1405	54	339	⿰古欠	苦	hard	khuX (khuH)	*kʰˤaʔ			K A K	
1406	54	339	⿰嘼戈	戰	war	tsyenH	*tar-s			T A R	
1407	54	339	又	有	have	hjuwX	*[ɢ]ʷəʔ			K Ə K	
1408	54	339	道	道	way	dawX	*[kə.l]ˤuʔ			K Ə . L U K	
1409	54	339	⿱虎口	乎	modal particle	hu // hu	*ɢˤa	？		K A	
1410	54	340	⿱合曰	答	reply	top	*[t]ˤ[u]p			T U P	
1411	54	340	曰	曰	say	hjwot	*[ɢ]ʷat	：		K A T	
1412	54	341	又	有	have	hjuwX	*[ɢ]ʷəʔ	。		K Ə K	
1413	54	342	收	收	receive	syuw	*s-kiw			K I W	
1414	54	342	而	而	conjunction	nyi	*nə			N Ə	
1415	54	342	聚	聚	gather	dzjuH	*m-tsʰoʔ-s			C O K	
1416	54	342	之	之	anaphoric subtitute of the object	tsyi	*tə	，		T Ə	
1417	54	342	⿱罒束	束	tie	syowk	*s-tʰok	[		T O K	
1418	54	342	而	而	conjunction	nyi	*nə			N Ə	
1419	54	342	厚	厚	thick	huwX	*Cə.[g]ˤ(r)oʔ			X Ə . K R O K	
1420	54	342	之	之	anaphoric subtitute of the object	tsyi	*tə	。】		T Ə	
1421	54	343	䝬	重	heavy	drjowng	*[m]-troŋ			M T R O N	
1422	54	343	賞	賞	admire	syangX	*s-taŋʔ			T A N K	
1423	54	343	泊	薄	thin	bak	*[b]ˤak			P A K	
1424	54	343	坓	刑	punish	heng	*[ɢ]ˤeŋ	，		K E N	
1425	54	344	思	使	let	sriH // sriX	! *s-rəʔ-s // *s-rəʔ			R Ə K // R Ə K	
1426	54	344	忘	忘	forget	mjang	*maŋ			M A N	
1427	54	344	亓	其	possessive pronoun	gi	*gə			K Ə	
1428	54	344	死	死	death	sijX	*sijʔ			S I J K	
1429	54	344	而	而	conjunction	nyi	*nə			N Ə	
1430	54	344	見	見	see	henH // kenH // henH	! *N-[k]ˤen-s // *[k]ˤen-s // *m-[k]ˤen-s			K E N // K E N // K E N	
1431	54	344	亓	其	conjunction	gi	*gə			K Ə	
1432	54	344	生	生	life	sraeng	*sreŋ	，		S R E N	
1433	54	345	思	使	let	sriH // sriX	! *s-rəʔ-s // *s-rəʔ			R Ə K // R Ə K	
1434	54	345	良	良	good	ljang	*[r]aŋ			R A N	
1435	55	345	車	車	chariot	tsyhae	*[t.qʰ](r)A			T . K R A	
1436	55	345	良	良	good	ljang	*[r]aŋ			R A N	
1437	55	345	士	士	dignitary	dzriX	*[m-s-]rəʔ			M «-» R Ə K	
1438	55	345	⿺辶⿱止土	往	go	hjwangX	*ɢʷaŋʔ			Kw A N K	
1439	55	345	取	取	take	tshuwX	*tsʰˤoʔ			C O K	
1440	55	345	之	之	that	"	tsyi"	*tə			T Ə	
1441	55	345	餌	耳	ear	nyiX	! *C.nəʔ // *nəʔ	，		X . N Ə K // N Ə K	
1442	55	346	思	使	le t	sriH // sriX	! *s-rəʔ-s // *s-rəʔ			R Ə K // R Ə K	
1443	55	346	亓	其	possessive pronoun	gi	*gə			K Ə	
1444	55	346	志	志	intention	tsyiH	*tək-s			T Ə K	
1445	55	346	⿺辶己	起	raise	khiX	*C.qʰ(r)əʔ	。		X . K R Ə K	
1446	55	347	㦷	勇	courageous	yowngX	*loŋʔ			L O N K	
1447	55	347	者	者	nominalization marker	tsyaeX	*tAʔ			T A K	
1448	55	347	囟	使	let	sriH // sriX	! *s-rəʔ-s // *s-rəʔ			R Ə K // R Ə K	
1449	55	347	憙	喜	joy	xiX (xiH)	*qʰ(r)əʔ	，		K R Ə K	
1450	55	348	⿰土⿰幺幺⿱才	葸	fear	siX	*səʔ			S Ə K	
1451	55	348	者	者	nominalization marker	tsyaeX	*tAʔ			T A K	
1452	55	348	囟	使	let	sriH // sriX	! *s-rəʔ-s // *s-rəʔ			R Ə K // R Ə K	
1453	55	348	⿱毋口	悔	blame	xwojX	*m̥ˤəʔ	，		M Ə K	
1454	55	349	肰句	然後	conjunction	nyen huwX	*[n]a[n] // *[ɢ]ˤ(r)oʔ			N A N // K R O K	
1455	55	349	改	改	change	kojX	*C.qˤəʔ			X . K Ə K	
1456	55	349	⿺怠⿹𠃌一	怠	laziness	dojX	*lˤəʔ	。		L Ə K	
1457	55	350	此	此	this	tshjeX	*[tsʰ]e(j)ʔ			C E J K	
1458	55	350	⿺辶复	復	return	bjuwH	*[N]-pruk-s			P R U K	
1459	55	350	⿰古欠	苦	hard	khuX (khuH)	*kʰˤaʔ			K A K	
1460	55	350	⿰嘼戈	戰	war	tsyenH	*tar-s			T A R	
1461	55	350	之	之	conjunction	tsyi	*tə			T Ə	
1462	55	350	道	道	way	dawX	*[kə.l]ˤuʔ			K Ə . L U K	
1463	55	351	⿵戕口 公	莊公	duke Zhuang (personal name)	tsrjang kuwng	*[ts]raŋ // *C.qˤoŋ			C R A N // X . K O N	
1464	55	351	或	又	conjunction	hjuwH	*[ɢ]ʷəʔ-s			K Ə K	
1465	55	351	䎽	問	ask	mjunH	*C.mu[n]-s			X . M U N	
1466	55	351	曰	曰	say	hjwot	*[ɢ]ʷat	：		K A T	
1467	56	352	攻	攻	assault	kuwng	*kˤoŋ			K O N	
1468	56	352	⿳爫人系	奚	how	hej	*[g]ˤe			K E	
1469	56	352	女	如	how	nyo	*na	？		N A	
1470	56	353	⿱合曰	答	reply	top	*[t]ˤ[u]p			T U P	
1471	56	353	曰	曰	say	hjwot	*[ɢ]ʷat	：		K A T	
1472	56	354	民	民	people	mjin	*mi[ŋ]			M I N	
1473	56	354	又	有	have	hjuwX	*[ɢ]ʷəʔ			K Ə K	
1474	56	354	⿳宀𱎬貝	寶	treasure	pawX	*pˤuʔ	：	AD reads 貨	P U K	
1475	56	355	曰	曰	say	hjwot	*[ɢ]ʷat			K A T	
1476	56	355	城	城	wall	dzyeng	*[d]eŋ	，		T E N	
1477	56	356	曰	曰	say	hjwot	*[ɢ]ʷat			K A T	
1478	56	356	固	固	fortress	kuH	*[k]ˤa-s	，		K A	
1479	56	357	曰	曰	say	hjwot	*[ɢ]ʷat			K A T	
1480	56	357	⿱艸⿰虘又	阻	strategic pass	tsrjoX (tsrjoH)	*[ts]raʔ	。		C R A K	
1481	56	358	三	三	three	sam	*s.rum			S . R U M	
1482	56	358	者	者	nominalization marker	tsyaeX	*tAʔ			T A K	
1483	56	358	⿹聿彡	盡	all	tsinX	*tsi[n]ʔ			C I N K	
1484	56	358	甬	用	use	yowngH	*loŋ-s	，		L O N	
1485	56	360	不	不	negative adverb	pjuw (bijX)	*pə			P Ə	
1486	56	360	皆	皆	all	keaj	*kˤrij	，		K R I J	
1487	56	361	邦	邦	state	paewng	*pˤroŋ			P R O N	
1488	56	361	⿱爫家	家	home	kae	*kˤra			K R A	
1489	56	360	以	以	use	yiX	*ləʔ			L Ə K	
1490	56	360	忧	忧	grief	juw	*ʔ(r)u	。		K R U	
1491	56	361	善	善	good	dzyenX	*[d]a[n]ʔ			T A N K	
1492	56	361	攻	攻	assault	kuwng	*kˤoŋ			K O N	
1493	56	361	者	者	nominalization marker	tsyaeX	*tAʔ			T A K	
1494	56	361	以	以	use	yiX	*ləʔ			L Ə K	
1495	56	361	亓	其	nominalization marker	gi	*gə			K Ə	
1496	57	361	所	所	nominalization marker	srjoX // xuX	! *s-qʰaʔ // *qʰaʔ		- mark before	K A K // K A K	
1497	57	361	又	有	have	hjuwX	*[ɢ]ʷəʔ	，		K Ə K	
1498	57	362	以	以	conjunction	yiX	*ləʔ			L Ə K	
1499	57	362	攻	攻	assault	kuwng	*kˤoŋ			K O N	
1500	57	362	人	人	person	nyin	*ni[ŋ]			N I N	
1501	57	362	之	之	nominalization marker	tsyi	*tə			T Ə	
1502	57	362	所	所	nominalization marker	srjoX // xuX	! *s-qʰaʔ // *qʰaʔ			K A K // K A K	
1503	57	362	亡	無	negative adverb	mju (mu)	*ma // *mo // *ma			M A // M O // M A	
1504	57	362	又	有	have	hjuwX	*[ɢ]ʷəʔ	。		K Ə K	
1505	57	363	⿵戕口 公	莊公	duke Zhuang (personal name)	tsrjang kuwng	*[ts]raŋ // *C.qˤoŋ			C R A N // X . K O N	
1506	57	363	或	又	conjunction	hjuwH	*[ɢ]ʷəʔ-s			K Ə K	
1507	57	363	䎽	問	ask	mjunH	*C.mu[n]-s			X . M U N	
1508	57	363	曰	曰	say	hjwot	*[ɢ]ʷat	：		K A T	
1509	57	364	善	善	good	dzyenX	*[d]a[n]ʔ			T A N K	
1510	57	364	獸	守	keep	syuwH	*s.tuʔ-s			S . T U K	
1511	57	364	者	者	nominalization marker	tsyaeX	*tAʔ			T A K	
1512	57	364	⿳爫人系	奚	how	hej	*[g]ˤe			K E	
1513	57	364	女	如	how	nyo	*na	？	- mark after	N A	
1514	57	365	⿱合曰	答	reply	top	*[t]ˤ[u]p			T U P	
1515	57	365	曰	曰	say	hjwot	*[ɢ]ʷat	：		K A T	
1516	15	366	亓	其	possessive pronoun	gi	*gə			K Ə	
1517	15	366	⿰食人	食	eat	zyik	*mə-lək			L Ə K	
1518	15	366	必	必	must	pjit	*pi[t]			P I T	
1519	15	366	足以	足以	be sufficient	tsjuH yiX	*[ts]ok-s // *ləʔ			C O K  // L Ə K	
1520	15	366	食	食	eat	zyik	*mə-lək	[		L Ə K	
1521	15	366	之	之	anaphoric subtitute of the object	tsyi	*tə	,		T Ə	
1522	15	367	其	其	possessive pronoun	gi	*gə			K Ə	
1523	15	367	兵	兵	weapon	pjaeng	*praŋ			P R A N	
1524	15	367	足以	足以	be sufficient	tsjuH yiX	*[ts]ok-s // *ləʔ			C O K  // L Ə K	
1525	15	367	利	利	benefit	lijH	*C.ri[t]-s			X . R I T	
1526	15	367	之	之	anaphoric subtitute of the object	tsyi	*tə	，】		T Ə	
1527	15	368	亓	其	possessive pronoun	gi	*gə			K Ə	
1528	15	368	城	城	wall	dzyeng	*[d]eŋ			T E N	
1529	15	368	固	固	fortress	kuH	*[k]ˤa-s			K A	
1530	16	368	足以	足以	be sufficient	tsjuH yiX	*[ts]ok-s // *ləʔ		- mark after	C O K  // L Ə K	
1531	16	368	攼	捍	shield	hanH	*m-kˤa[r]-s			K A R	
1532	16	368	之	之	anaphoric subtitute of the object	tsyi	*tə	。		T Ə	
1533	16	369	上	上	superior	dzyangH	*daŋʔ-s		hewen	T A N K	
1534	16	369	下	下	inferior	haeH	*m-gˤraʔ-s			K R A K	
1535	16	369	和	和	harmony	hwa	*[ɢ]ˤoj			K O J	
1536	16	369	⿰虘又	且	conjunction	tsjo	*tsa			C A	
1537	16	369	咠	輯	concord	dzip	*[dz][u]p	，		C U P	
1538	16	370	繲	絓	entangle	kweaH	*[k]ʷˤre-s			K R E	
1539	16	370	紀	紀	thread	kiX	*k(r)əʔ			K R Ə K	
1540	16	370	於	於	preposition	u	*[ʔ]ˤa			K A	
1541	16	370	大	大	big 	dajH	*lˤa[t]-s		chongwen	L A T	
1542	16	370	國	國	state	kwok	*[C.q]ʷˤək		chongwen	X . K Ə K	
1543	16	371	大	大	big 	dajH	*lˤa[t]-s			L A T	
1544	16	371	國	國	state	kwok	*[C.q]ʷˤək			X . K Ə K	
1545	16	371	⿱木辛⿰斤⿱心	親	parent	tshin	*[tsʰ]i[n]			C I N	
1546	16	371	之	之	anaphoric substitute of the object	tsyi	*tə	，		T Ə	
1547	16	372	天下	天下	world	then haeH	*l̥ˤi[n] // *m-gˤraʔ-s			L I N // K R A K	
1548	59	372	亓	起	possessive pronoun	khiX	*C.qʰ(r)əʔ			X . K R Ə K	
1549	59	372	志	志	intention	tsyiH	*tək-s			T Ə K	
1550	59	372	者	諸	nominalization marker	tsyo (tsyae) huw	*ta // *[g]ˤ(r)o			T A // K R O	
1551	59	372	寡	寡	few	kwaeX	*[C.k]ʷˤraʔ			X . K R A K	
1552	59	372	矣	矣	doubt	ngi	*[ŋ](r)ə			N R Ə	
1553	59	373	⿵戕口 公	莊公	duke Zhuang (personal name)	tsrjang kuwng	*[ts]raŋ // *C.qˤoŋ	。		C R A N // X . K O N	
1554	59	373	或	又	conjunction	hjuwH	*[ɢ]ʷəʔ-s			K Ə K	
1555	59	373	䎽	問	ask	mjunH	*C.mu[n]-s			X . M U N	
1556	59	373	曰	曰	say	hjwot	*[ɢ]ʷat			K A T	
1557	59	374	⿸虍壬	吾	I	ngu	*ŋˤa	：		N A	
1558	59	374	又	有	have	hjuwX	*[ɢ]ʷəʔ			K Ə K	
1559	59	374	所	所	nominalization marker	srjoX // xuX	! *s-qʰaʔ // *qʰaʔ			K A K // K A K	
1560	59	374	䎽	聞	hear	mjun	*mu[n]			M U N	
1561	59	374	之	之	cataphoric substitute of the object	tsyi	*tə			T Ə	
1562	59	375	一	一	one 	jit	*ʔi[t]	：		K I T	
1563	60	375	出	出	exit	tsyhwijH	*t-kʰut-s			K U T	
1564	60	375	言	言	word	ngjon	! *ŋa[n] // *ŋa[n] // *ŋa[n] // *ŋa[r]			N A N // N A N // N A N // N A R	
1565	60	376	三	三	three	sam	*s.rum			S . R U M	
1566	60	376	軍	軍	army	kjun	*[k]ʷər			K Ə R	
1567	60	376	皆	皆	all	keaj	*kˤrij			K R I J	
1568	60	376	⿳亼吅隹⿱心	歡	delight	xwan	*qʷʰˤar	,		Kw A R	
1569	60	377	一	一	one 	jit	*ʔi[t]			K I T	
1570	60	377	出	出	exit	tsyhwijH	*t-kʰut-s			K U T	
1571	60	377	言	言	word	ngjon	! *ŋa[n] // *ŋa[n] // *ŋa[n] // *ŋa[r]			N A N // N A N // N A N // N A R	
1572	60	378	三	三	three	sam	*s.rum			S . R U M	
1573	60	378	軍	軍	army	kjun	*[k]ʷər			K Ə R	
1574	60	378	皆	皆	all	keaj	*kˤrij			K R I J	
1575	60	378	⿺辶寺	往	go	hjwangX	*ɢʷaŋʔ	，		Kw A N K	
1576	60	379	又	有	have	hjuwX	*[ɢ]ʷəʔ			K Ə K	
1577	60	379	之	之	anaphoric substitute of the object	tsyi	*tə			T Ə	
1578	60	379	⿱虎口	乎	modal particle	hu // hu	*ɢˤa	？		K A	
1579	60	380	⿱合曰	答	reply	top	*[t]ˤ[u]p			T U P	
1580	60	380	曰	曰	say	hjwot	*[ɢ]ʷat	：		K A T	
1581	60	381	又	有	have	hjuwX	*[ɢ]ʷəʔ	。		K Ə K	
1582	60	381	明	明	bright	mjaeng	*mraŋ			M R A N	
1583	63	381	⿰食巟	謊	deceive	xwang	*m̥ ˤaŋ			M A N	
1584	63	381	於	於	preposition	u	*[ʔ]ˤa			K A	
1585	63	381	⿱鬼示	鬼	ghost	kjw+jX	*k-ʔujʔ			K U J K	
1586	63	381	神	神	god	zyin	*Cə.li[n]	,		X Ə . L I N	
1587	63	382	𨋊	忽	obliterate	xwot	*m̥ ˤut			M U T	
1588	63	382	武	武	martial	hwok	*[ɢ]ʷˤək	，		K Ə K	
1589	63	383	非	非	be not	pj+j	*pəj			P Ə J	
1590	63	383	所	所	nominalization marker	srjoX // xuX	! *s-qʰaʔ // *qʰaʔ			K A K // K A K	
1591	63	383	以	以	preposition	yiX	*ləʔ			L Ə K	
1592	63	383	教	教	teach	kaewH	*s.kˤraw-s			S . K R A W	
1593	63	383	民	民	people	mjin	*mi[ŋ]	，		M I N	
1594	63	384	唯	唯	modal particle	ywij (ywijX)	*ɢʷij			Kw I J	
1595	63	384	君	君	her majesty	kjun	*C.qur			X . K U R	
1596	63	384	亓	其	modal particle	gi	"	*gə"			"«	» K Ə"	
1597	63	384	智	知	know	trje	*tre			T R E	
1598	63	384	之	之	anaphoric substitute of the object	tsyi	*tə	。		T Ə	
1599	63	385	此	此	this	tshjeX	*[tsʰ]e(j)ʔ			C E J K	
1600	64	385	先	先	previous	sen	*sˤər			S Ə R	
1601	64	385	王	王	king	hjwangH	*ɢʷaŋ-s			Kw A N	
1602	64	385	至	至	excellent	tsyijH	*ti[t]-s			T I T	
1603	64	385	道	道	way	dawX	*[kə.l]ˤuʔ	。		K Ə . L U K	
1604	64	386	⿵戕口 公	莊公	duke Zhuang (personal name)	tsrjang kuwng	*[ts]raŋ // *C.qˤoŋ			C R A N // X . K O N	
1605	64	386	曰	曰	say	hjwot	*[ɢ]ʷat	：		K A T	
1606	64	387	⿰禾⿳艸罒木	沫	Mo (personal name)	mat	*mˤat	，		M A T	
1607	64	387	⿸虍壬	吾	I	ngu	*ŋˤa			N A	
1608	64	387	言	言	word	ngjon	! *ŋa[n] // *ŋa[n] // *ŋa[n] // *ŋa[r]			N A N // N A N // N A N // N A R	
1609	64	387	氏	是	really	dzyeX	*[d]eʔ			T E K	
1610	64	387	不	不	negative adverb	pjuw (bijX)	*pə			P Ə	
1611	64	387	而	爾	you	nyeX	*n[ə][r]ʔ			N Ə R K	
1612	64	387	女	如	compare	nyo	*na	，		N A	
1613	64	388	或者	或者	maybe	hwok tsyaeX	*[ɢ]ʷˤək // *tAʔ			K Ə K // T A K	
1614	64	388	少	小	little	sjewX	*[s]ewʔ			S E W K	
1615	64	388	道	道	way	dawX	*[kə.l]ˤuʔ	！		K Ə . L U K	
1616	64	388	與	歟	modal particle	yo / yoX / yoH	*ɢ(r)a(ʔ)(-s)			K R A K	
1617	64	389	⿸虍壬	吾	I	ngu	*ŋˤa			N A	
1618	64	389	一	一	one 	jit	*ʔi[t]			K I T	
1619	64	389	欲	欲	desire	yowk	*ɢ(r)ok			K R O K	
1620	64	389	䎽	聞	hear	mjun	*mu[n]			M U N	
1621	64	389	厽	三	three 	sam	*s.rum			S . R U M	
1622	64	389	弋	代	dynasty	dojH	*lˤək-s			L Ə K	
1623	64	389	之	之	conjunction	tsyi	*tə		hewen	T Ə	
1624	64	389	所	所	nominalization marker	srjoX // xuX	! *s-qʰaʔ // *qʰaʔ	。		K A K // K A K	
1625	64	390	⿱艸⿰告攴 𥣫	曹沫	Cao Mo (personal name)	dzaw mat	*N-tsˤu // *mˤat			C U // M A T	
1626	64	390	⿱合曰	答	reply	top	*[t]ˤ[u]p			T U P	
1627	64	390	曰	曰	say	hjwot	*[ɢ]ʷat	：		K A T	
1628	64	391	臣	臣	minister	dzyin	*[g]i[ŋ]			K I N	
1629	64	391	䎽	聞	hear	mjun	*mu[n]			M U N	
1630	64	391	之	之	anaphoric substitute of the object	tsyi	*tə	：		T Ə	
1631	64	392	昔	昔	past	sjek	*[s]Ak			S A K	
1632	64	392	之	之	conjunction	tsyi	*tə			T Ə	
1633	64	392	明	明	enlighten	mjaeng	*mraŋ			M R A N	
1634	64	392	王	王	king	hjwangH	*ɢʷaŋ-s			Kw A N	
1635	64	392	之	之	nominalization marker	tsyi	*tə			T Ə	
1636	64	392	⿺辶己	起	raise	khiX	*C.qʰ(r)əʔ			X . K R Ə K	
1637	65	392	於	於	preposition	u	*[ʔ]ˤa			K A	
1638	65	392	天下	天下	world	then haeH	*l̥ˤi[n] // *m-gˤraʔ-s			L I N // K R A K	
1639	65	392	者	者	nominalization marker	tsyaeX	*tAʔ	，		T A K	
1640	65	393	各	各	each	kak	*kˤak			K A K	
1641	65	393	以	以	use	yiX	*ləʔ			L Ə K	
1642	65	393	亓	其	possessive pronoun	gi	*gə			K Ə	
1643	65	393	殜	世	era	syejH	*l̥ap-s	，		L A P	
1644	65	394	以	以	conjunction	yiX	*ləʔ			L Ə K	
1645	65	394	及	及	die	gip	*[m-k-]rəp			R Ə P	
1646	65	394	亓	其	possessive pronoun	gi	*gə			K Ə	
1647	65	394	身	身	body	syin	*n̥i[ŋ]	。		N I N	
1648	65	395	今	今	today	kim	*[k]r[ə]m			K R Ə M	
1649	65	395	與	與	conjunction	yoX	*m-q(r)aʔ			K R A K	
1650	65	395	古	古	ancient	kuX	*kˤaʔ			K A K	
1651	65	395	亦	亦	conjunction	yek // yek	! *ɢ(r)Ak // *[ɢ](r)Ak			K R A K // K R A K	
1652	65	395	多	多	much	ta	*[t.l]ˤaj			T . L A J	
1653	7	395	不	不	negative adverb	pjuw (bijX)	*pə			P Ə	
1654	7	395	同	同	same	duwng	*lˤoŋ			L O N	
1655	7	395	矣	矣	modal particle	hiX	*qəʔ	。		K Ə K	
1656	7	396	臣	臣	minister	dzyin	*[g]i[ŋ]			K I N	
1657	7	396	是古	是故	conjunction	dzyeX kuH	*[d]eʔ // ! *kˤa(ʔ)-s // *kˤaʔ-s			T E K // K A K // K A K	
1658	7	396	不	不	negative adverb	pjuw (bijX)	*pə			P Ə	
1659	7	396	敢	敢	dare	kamX	*[k]ˤamʔ			K A M K	
1660	7	396	以	以	preposition	yiX	*ləʔ			L Ə K	
1661	7	396	古	古	ancient	kuX	*kˤaʔ			K A K	
1662	7	396	⿱合曰	答	reply	top	*[t]ˤ[u]p	。		T U P	
1663	7	397	肰	然	like this	nyen	*[n]a[n]			N A N	
1664	7	397	而	而	conjunction	nyi	*nə			N Ə	
1665	8	397	古	古	ancient	kuX	*kˤaʔ		∟punctuation 	K A K	
1666	8	397	亦	亦	conjunction	yek // yek	! *ɢ(r)Ak // *[ɢ](r)Ak			K R A K // K R A K	
1667	8	397	又	有	have	hjuwX	*[ɢ]ʷəʔ			K Ə K	
1668	8	397	大	大	big	dajH	*lˤa[t]-s			L A T	
1669	8	397	道	道	way	dawX	*[kə.l]ˤuʔ			K Ə . L U K	
1670	8	397	⿱女一	焉	in it	jen // hjen ('jon)	*[ʔ]a[n] // *ʔa[n]	，		K A N // K A N	
1671	8	398	必	必	must	pjit	*pi[t]			P I T	
1672	8	398	龏	恭	cherish	kjowng	*koŋ			K O N	
1673	8	398	⿱僉曰	儉	frugality	gjemX	*[g]r[a]mʔ			K R A M K	
1674	8	398	以	以	conjunction	yiX	*ləʔ			L Ə K	
1675	8	398	⿱貝又	得	obtain	tok	*tˤək			T Ə K	
1676	8	398	之	之	anaphoric substitute of the object	tsyi	*tə	，		T Ə	
1677	8	399	而	而	conjunction	nyi	*nə			N Ə	
1678	8	399	喬	驕	take pride	kjew	*kraw			K R A W	
1679	8	399	大	泰	pomp	thajH	*l̥ˤa[t]-s			L A T	
1680	8	399	以	以	conjunction	yiX	*ləʔ			L Ə K	
1681	8	399	⿺辶⿱止羍	失	loose	syit	*l̥i[t]			L I T	
1682	8	399	之	之	anaphoric substitute of the object	tsyi	*tə	。		T Ə	
1683	8	400	君	君	her majesty	kjun	*C.qur			X . K U R	
1684	65	400	亓	其	modal particle	gi	*gə			K Ə	
1685	65	400	亦	亦	conjunction	yek // yek	! *ɢ(r)Ak // *[ɢ](r)Ak			K R A K // K R A K	
1686	65	400	隹	唯	modal particle	ywij (ywijX)	*ɢʷij			Kw I J	
1687	65	400	䎽	聞	hear	mjun	*mu[n]			M U N	
1688	65	400	夫	夫	modal particle	bju // bju // pju	! *ba // *[b]a // *p(r)a			P A // P A // P R A	
1689	65	400	㙑	禹	Yu (person name)	hjuX	*[ɢ]ʷ(r)aʔ	、		K R A K	
1690	65	400	康	湯	Tang (person name)	thang	! *l̥ˤaŋ // *r̥ˤaŋ	、		L A N // R A N	
1691	65	400	傑	桀	Jie (person name)	gjet	! *m-[k]at // *N-[k]at	、		K A T // K A T	
1692	65	400	受	紂	Zhou (person name)	drjuwX	*[d]ruʔ			T R U K	
1693	65	400	矣	矣	modal particle	hiX	*qəʔ	。	∟punctuation 		
