ID,Language_ID,Primary_Text,Analyzed_Word,Gloss,Translated_Text,Meta_Language_ID,LGR_Conformance,Comment,Number,Text_Unit,Text_ID,Word_IDS,Middle_Chinese_Reading,Old_Chinese_Reading,Old_Chinese_Reading_2,Analyzed_Word_2,Character_IDS,Cognacy
1,OldChinese,魯 ⿵戕口 公 𨟻 為 大 鍾,魯	莊公	將	為	大	鍾,Lu.(place.name)	duke.Zhuang.(personal.name)	aspect.marker	do	big	bell,,,,,1,1,ad,word-1 word-2 word-3 word-4 word-5 word-6,luX tsrjang_kuwng tsjang hjwe dajH tsyowng,r.ŋˤaʔ tsraŋ_C.qˤoŋ tsaŋ ɢʷ(r)aj lˤat-s toŋ,*r.ŋˤaʔ *[ts]raŋ_*C.qˤoŋ *[ts]aŋ *ɢʷ(r)aj *lˤa[t]-s *toŋ，,魯 莊 公 將 為 大 鍾，,ad-1-2/1/1 ad-1-2/1/2 ad-1-2/1/3 ad-1-2/1/4 ad-1-2/1/5 ad-1-2/1/6 ad-1-2/1/7,
2,OldChinese,型 既 成 矣,型	既	成	矣,shape	aspect.marker	finish	modal.particle,,,,,2,1,ad,word-7 word-8 word-9 word-10,heng kj+jH dzyeng hiX,gˤeŋ kət-s deŋ qəʔ,*[g]ˤeŋ *[k]ə[t]-s *m-[d]eŋ *qəʔ，,型 既 成 矣，,ad-1-2/1/8 ad-1-2/1/9 ad-1-2/1/10 ad-1-2/1/11,
3,OldChinese,⿱艸⿰告攴 ⿰⿱艹䍒攵 內 見,曹沫	入	見,Cao.Mo.(personal.name)	enter	see,,,,,3,1,ad,word-11 word-12 word-13,dzaw_mat nyip henH,tsˤu_mˤat nup kˤen-s,*N-tsˤu_*mˤat *n[u]p *[k]ˤen-s，,曹 沫 入 見，,ad-1-2/1/12 ad-1-2/1/13 ad-1-2/1/14 ad-1-2/1/15,
4,OldChinese,曰,曰,say,,,,,4,1,ad,word-14,hjwot,ɢʷat,*[ɢ]ʷat：,曰：,ad-1-2/1/16,
5,OldChinese,昔 周 室 之 ⿰土丰 𲅭 也,昔	周	室	之	封	魯	也,past	Zhou.(clan.name)	house	nominalization.marker	enfeoff	Lu.(place.name)	modal.particle,,,,,5,1,ad,word-15 word-16 word-17 word-18 word-19 word-1 word-20,sjek tsyuw syit tsyi pjowng luX yaeX,sAk tiw s.tit tə p(r)oŋ r.ŋˤaʔ lAjʔ,*[s]Ak *tiw *s.ti[t] *tə *p(r)oŋ *r.ŋˤaʔ *lAjʔ，,「昔 周 室 之 封 魯 也，,ad-1-2/1/17 ad-1-2/1/18 ad-1-2/1/19 ad-1-2/1/20 ad-1-2/1/21 ad-1-2/1/22 ad-1-2/1/23,
6,OldChinese,東 西 七 百 南 北 五 百,東	西	七	百	南	北	五	百,east	west	seven	hundred	south	north	five	hundred,,,,,6,1,ad,word-21 word-22 word-23 word-24 word-25 word-26 word-27 word-24,tuwng sej tshit paek nom pok nguX paek,tˤoŋ nˤər tsʰit pˤrak nˤəm pˤək C.ŋˤaʔ pˤrak,*tˤoŋ *s-nˤər *[tsʰ]i[t] *pˤrak， *nˤ[ə]m *pˤək *C.ŋˤaʔ *pˤrak，,東 西 七 百， 南 北 五 百，,ad-1-2/1/24 ad-1-2/1/25 ad-1-2/1/26 ad-1-2/1/27 ad-1-2/1/28 ad-1-2/1/29 ad-1-2/1/30 ad-1-2/1/31,
7,OldChinese,非 山 非 澤,非	山	非	澤,that	mountain	that	marsh,,,,,7,1,ad,word-28 word-29 word-28 word-30,pjeX srean pjeX draek,pajʔ ŋrar pajʔ lˤrak,*pəj *s-ŋrar *pəj ,非 山 非 澤，,ad-1-2/1/32 ad-1-2/1/33 ad-1-2/1/34 ad-1-2/1/35,
8,OldChinese,⿱屮亡 又 不 民,無	有	不	民,not.have	have	not	people,,,,,8,1,ad,word-31 word-32 word-33 word-34,mju hjuwX pjuw mjin,ma ɢʷəʔ pə miŋ,*ma *[ɢ]ʷəʔ *pə *mi[ŋ].,無 有 不 【民】。,ad-1-2/1/36 ad-1-2/1/37 ad-1-2/1/38 ,
9,OldChinese,含 ⿰土丰 𢣭 少 而 鍾 ⿳亼䏌心 大,今	封	彌	小	而	鍾	愈	大,today	fief	more	small	conjunction	bell	more	big,,,,,9,2,ad,word-35 word-19 word-36 word-37 word-38 word-6 word-39 word-5,kim pjowng mjie sjewX nyi tsyowng yuX dajH,krəm p(r)oŋ nər sewʔ nə toŋ loʔ lˤat-s,*[k]r[ə]m *p(r)oŋ *m-nə[r] *[s]ewʔ *nə *toŋ *loʔ *lˤa[t]-s，,今 封 彌 小 而 鍾 愈 大，,ad-1-2/2/1 ad-1-2/2/2 ad-1-2/2/3 ad-1-2/2/4 ad-1-2/2/5 ad-1-2/2/6 ad-1-2/2/7 ad-1-2/2/8,
10,OldChinese,君 亓 𢝬 之 也,君	其	圖	之	也,her.majesty	modal.particle	intend	anaphoric.substitute.of.the.object	modal.particle,,,,,10,2,ad,word-40 word-41 word-42 word-18 word-20,kjun gi du tsyi yaeX,C.qur gə dˤa tə lAjʔ,*C.qur *gə *[d]ˤa *tə *lAjʔ.,君 其 圖 之 也。,ad-1-2/2/9 ad-1-2/2/10 ad-1-2/2/11 ad-1-2/2/12 ad-1-2/2/13,
11,OldChinese,昔 堯 之 卿 ⿳允火土 也,昔	堯	之	饗	舜	也,past	Yao.(personal.name)	conjunction	banquet	Shun.(personal.name)	modal.particle,,,,,11,3,ad,word-15 word-43 word-18 word-44 word-45 word-20,sjek ngew tsyi xjangX sywinH yaeX,sAk ŋˤew tə qʰaŋʔ s.tun-s lAjʔ,*[s]Ak *[ŋ]ˤew *tə *qʰaŋʔ *[s.t]u[n]-s *lAjʔ，,昔 堯 之 饗 舜 也，,ad-1-2/2/14 ad-1-2/2/15 ad-1-2/2/16 ad-1-2/2/17 ad-1-2/2/18 ad-1-2/2/19,
12,OldChinese,飯 於 土 ⿰車缶,飯	於	土	簋,eat	preposition	terracotta	jar,,,,,12,3,ad,word-46 word-47 word-48 word-49,bjonX u thuX kwijX,bonʔ ʔˤa tʰˤaʔ kʷruʔ,bo[n]ʔ *[ʔ]ˤa *tʰˤaʔ *p(r)uʔ，,飯 於 土 塯，,ad-1-2/2/20 ad-1-2/2/21 ad-1-2/2/22 ad-1-2/2/23,
13,OldChinese,⿱叕心⿰欠 於 土 型,欼	於	土	鉶,drink	preposition	terracotta	cup,,,,,13,3,ad,word-50 word-47 word-48 word-51,tsrhiX u thuX heng,s.tʰrə ʔˤa tʰˤaʔ gˤeŋ,*s.tʰrə *[ʔ]ˤa *tʰˤaʔ *gˤeŋ，,欼 於 土 鉶，,ad-1-2/2/24 ad-1-2/2/25 ad-1-2/2/26 ad-1-2/2/27,
14,OldChinese,而 𡦽 又 天下,而	撫	有	天下,conjunction	appease	have	world,,,,,14,3,ad,word-38 word-52 word-32 word-53,nyi phjuX hjuwX then_haeH,nə pʰ(r)aʔ ɢʷəʔ l̥ˤin_gˤraʔ-s,*nə *[pʰ](r)aʔ *[ɢ]ʷəʔ *l̥ˤi[n]_*m-gˤraʔ-s，,而 撫 有 天 下，,ad-1-2/2/28 ad-1-2/2/29 ad-1-2/2/30 ad-1-2/2/31 ad-1-2/2/32,
15,OldChinese,此 不 貧 於 㪜 而 ⿱畐貝 於 惪 與,此	不	貧	於	美	而	富	於	德	歟,this	negative.adverb	poor	preposition	beauty	conjunction	rich	preposition	virtue	modal.particle,,,,,15,3,ad,word-54 word-33 word-55 word-47 word-56 word-38 word-57 word-47 word-58 word-59,tshjeX pjuw bin u mijX nyi pjuwH u tok yo,tsʰe(j)ʔ pə brən ʔˤa mrəjʔ nə pək-s ʔˤa tˤək ɢ(r)a(ʔ)(-s),*[tsʰ]e(j)ʔ *pə *[b]rə[n] *[ʔ]ˤa *[m]rəjʔ *nə *pək-s *[ʔ]ˤa *tˤək *ɢ(r)a(ʔ)(-s)？,此 不 貧 於 美 II  而 富 於 德 歟？,ad-1-2/2/33 ad-1-2/2/34 ad-1-2/2/35 ad-1-2/2/36 ad-1-2/2/37 ad-3-6/3/1 ad-3-6/3/2 ad-3-6/3/3 ad-3-6/3/4 ad-3-6/3/5,
16,OldChinese,昔 周 室 又 戒 言 曰,昔	周	室	有	戒	言	曰,past	Zhou.(clan.name)	house	have	warn	word	say,,,,,16,3,ad,word-15 word-16 word-17 word-32 word-60 word-61 word-14,sjek tsyuw syit hjuwX keajH ngjon hjwot,sAk tiw s.tit ɢʷəʔ kˤrək-s ŋan ɢʷat,*[s]Ak *tiw *s.ti[t] *[ɢ]ʷəʔ *kˤrək-s *ŋa[n] *[ɢ]ʷat：,昔 周 室 有 戒 言 曰：,ad-3-6/3/6 ad-3-6/3/7 ad-3-6/3/8 ad-3-6/3/9 ad-3-6/3/10 ad-3-6/3/11 ad-3-6/3/12,
17,OldChinese,牪 尔 正 ⿰示工,願	而	正	功,desire	conjunction	contend	merit,,,,,17,3,ad,word-62 word-38 word-63 word-64,ngjwonH nyi tsyengH kuwng,ŋon-s nə teŋ-s kˤoŋ,*[ŋ]o[n]-s *nə *teŋ-s *kˤoŋ，,「願 而 正 功，,ad-3-6/3/13 ad-3-6/3/14 ad-3-6/3/15 ad-3-6/3/16,
18,OldChinese,不 牪 而 或 興 或 康,不	願	而	或	興	或	康,negative.adverb	desire	conjunction	some	flourish	some	tranquil,,,,,18,3,ad,word-33 word-62 word-38 word-65 word-66 word-65 word-67,pjuw ngjwonH nyi hwok xing hwok khang,pə ŋon-s nə ɢʷˤək qʰ(r)əŋ ɢʷˤək r̥ˤaŋ,*pə *[ŋ]o[n]-s *nə *[ɢ]ʷrək *qʰ(r)əŋ *[ɢ]ʷrək *k-r̥ˤaŋ，,不 願 而 或 興 或 康，,ad-3-6/3/17 ad-3-6/3/18 ad-3-6/3/19 ad-3-6/3/20 ad-3-6/3/21 ad-3-6/3/22 ad-3-6/3/23,
19,OldChinese,以 兇 保 ⿰弓⿱口二 必 ⿱亠舛⿳几力,以	凶	保	疆	必	勝,preposition	misfortune	guard	strong	must	win,,,,,19,3,ad,word-68 word-69 word-70 word-71 word-72 word-73,yiX xjowng pawX kjang pjit sying,ləʔ qʰ(r)oŋ pˤuʔ kaŋ pit l̥əŋ,*ləʔ *qʰ(r)oŋ *pˤuʔ *kaŋ *pi[t] *l̥əŋ，,以 凶 保 彊 必 勝，,ad-3-6/3/24 ad-3-6/3/25 ad-3-6/3/26 ad-3-6/3/27 ad-3-6/3/28 ad-3-6/3/29,
20,OldChinese,可以 又 ⿲糸台⿹𠃌一 邦,可以	有	治	邦,can	have	govern	state,,,,,20,3,ad,word-74 word-32 word-75 word-76,khaX_yiX hjuwX dri paewng,kʰˤajʔ_ləʔ ɢʷəʔ C.lrə pˤroŋ,*[k]ʰˤa[j]ʔ_*ləʔ *[ɢ]ʷəʔ *C.lrə *pˤroŋ.,可 以 有 治 邦。」,ad-3-6/3/30 ad-3-6/3/31 ad-3-6/3/32 ad-3-6/3/33 ad-3-6/3/34,
21,OldChinese,周 ⿱艸⿰口寺 是 廌,周志	是	存,Zhou.zhi.(Documents)	this	be.present,,,,,21,4,ad,word-77 word-78 word-79,tsyuw_tsyiH dzyeX dzwon,tiw_tək-s deʔ dzˤən,*tiw_*tək-s *[d]eʔ *[[dz]ˤə[n]].,周 志 III  【是 存。」,ad-3-6/3/35 ad-3-6/3/36 sb-37b-41-4-5/4/11 sb-37b-41-4-5/4/12,
22,OldChinese,⿵戕口 公 曰,莊公	曰,duke.Zhuang.(personal.name)	say,,,,,22,5,ad,word-2 word-14,tsrjang_kuwng hjwot,tsraŋ_C.qˤoŋ ɢʷat,*[ts]raŋ_*C.qˤoŋ *[ɢ]ʷat：,莊 公 曰：,sb-37b-41-4-5/4/13 sb-37b-41-4-5/4/15,
23,OldChinese,今 天下 之 君子 既 可 智 已,今	天下	之	君子	既	可	知	已,today	world	conjunction	the.noble.man	aspect.marker	can	know	modal.particle,,,,,23,5,ad,word-35 word-53 word-18 word-80 word-8 word-81 word-82 word-83,kim then_haeH tsyi kjun_tsiX kj+jH khaX trje yiX,krəm l̥ˤin_gˤraʔ-s tə C.qur_tsəʔ kət-s kʰˤajʔ tre ɢ(r)əʔ,*[k]r[ə]m *l̥ˤi[n]_*m-gˤraʔ-s *tə *C.qur_*[ts]əʔ *[k]ə[t]-s *[k]ʰˤa[j]ʔ *tre *ɢ(r)əʔ，,「今 天 下 之 君 子 既 可 知 已，,sb-37b-41-4-5/4/1 sb-37b-41-4-5/4/2 sb-37b-41-4-5/4/3 sb-37b-41-4-5/4/4 sb-37b-41-4-5/4/5 sb-37b-41-4-5/4/6 sb-37b-41-4-5/4/7 sb-37b-41-4-5/4/8 sb-37b-41-4-5/4/9 sb-37b-41-4-5/4/10,
24,OldChinese,⿱艸亯 能 并 兼 人 才,孰	能	併	兼	人	哉,who	can	unite	together	person	modal.particle,,,,,24,5,ad,word-84 word-85 word-86 word-87 word-88 word-89,dzyuwk noj beangX kem nyin tsoj,duk nˤə bˤreŋʔ kˤem niŋ tsˤə,*[d]uk *nˤə *[b]ˤ(r)eŋʔ(-s) *[k]ˤem *ni[ŋ] *[ts]ˤə？,孰 能 併 兼 人 哉？」,sb-37b-41-4-5/4/11 sb-37b-41-4-5/4/12 sb-37b-41-4-5/4/13 sb-37b-41-4-5/4/14 sb-37b-41-4-5/4/15 sb-37b-41-4-5/4/1,
25,OldChinese,⿱艸⿰告攴 ⿳艸罒戍 曰,曹沫	曰,Cao.Mo.(personal.name)	say,,,,,25,6,ad,word-11 word-14,dzaw_mat hjwot,tsˤu_mˤat ɢʷat,*N-tsˤu_*mˤat *[ɢ]ʷat：,曹 沫 曰：,sb-37b-41-4-5/4/2 sb-37b-41-4-5/4/3 sb-37b-41-4-5/4/4,
26,OldChinese,君 亓 毋 員,君	其	毋	云,her.majesty	modal.particle	negative.adverb	say,,,,,26,6,ad,word-40 word-41 word-90 word-91,kjun gi mju hjun,C.qur gə mo ɢʷən,*C.qur *gə *mo *[ɢ]ʷə[n].,「君 其 毋 云。,sb-37b-41-4-5/4/5 sb-37b-41-4-5/4/6 sb-37b-41-4-5/4/7 sb-37b-41-4-5/4/8,
27,OldChinese,臣 䎽 之 曰,臣	聞	之	曰,minister	hear	cataphoric.substitute.of.the.object	say,,,,,27,7,ad,word-92 word-93 word-18 word-14,dzyin mjun tsyi hjwot,giŋ mun tə ɢʷat,*[g]i[ŋ] *mu[n] *tə *[ɢ]ʷat：,臣 聞 之 曰：,sb-37b-41-4-5/4/9 sb-37b-41-4-5/4/10 sb-37b-41-4-5/4/11 sb-37b-41-4-5/4/12,
28,OldChinese,⿳厸文心 邦 之 君 明,鄰	邦	之	君	明,neighbor	state	conjunction	sovereign	enlighten,,,,,28,7,ad,word-94 word-76 word-18 word-40 word-95,lin paewng tsyi kjun mjaeng,(mə.)rən pˤroŋ tə C.qur mraŋ,"*(mə.)rə[n] *pˤroŋ *tə *C.qur *mraŋ,",「鄰 邦 之 君 明，,sb-37b-41-4-5/4/13 sb-37b-41-4-5/4/14 sb-37b-41-4-5/4/15 sb-37b-41-4-5/4/16 sb-37b-41-4-5/4/17,
29,OldChinese,則 不 可以 不 攸 政 而 善 於 民,則	不	可以	不	修	政	而	善	於	民,conjunction	negative.adverb	can	negative.adverb	improve	government	conjunction	good	preposition	people,,,,,29,7,ad,word-96 word-33 word-74 word-33 word-97 word-98 word-38 word-99 word-47 word-34,tsok pjuw khaX_yiX pjuw sjuw tsyengH nyi dzyenX u mjin,tsˤək pə kʰˤajʔ_ləʔ pə liw teŋ-s nə danʔ ʔˤa miŋ,*[ts]ˤək *pə *[k]ʰˤa[j]ʔ_*ləʔ *pə *s-liw *teŋ-s *nə *[g]e[n]ʔ *[ʔ]ˤa *mi[ŋ].,則 IV  不 可 以 不 修 政 而 善 於 民。,sb-37b-41-4-5/5/18 sb-37b-41-4-5/5/19 sb-37b-41-4-5/5/20 sb-37b-41-4-5/5/21 sb-37b-41-4-5/5/22 sb-37b-41-4-5/5/23 sb-37b-41-4-5/5/24 sb-37b-41-4-5/5/25 sb-37b-41-4-5/5/26 sb-37b-41-4-5/5/27 sb-37b-41-4-5/5/28,
30,OldChinese,不 肰,不	然,negative.adverb	like.that,,,,,30,8,ad,word-33 word-100,pjuw nyen,pə nan,*pə *[n]a[n]，,不 然，,sb-37b-41-4-5/6/29 sb-37b-41-4-5/6/30,
31,OldChinese,⿱工心 亡 𱙁,恐	亡	焉,fear	perish	in.it,,,,,31,8,ad,word-101 word-102 word-103,khjowngX mjang jen,kʰ(r)oŋʔ maŋ ʔan,*kʰ(r)oŋʔ *maŋ *[ʔ]a[n].,恐 亡 焉。,sb-37b-41-4-5/6/31 sb-37b-41-4-5/6/32 sb-37b-41-4-5/6/33,
32,OldChinese,⿱厸文 邦 之 君 亡 道,鄰	邦	之	君	亡	道,neighbor	state	conjunction	sovereign	not.have	way,,,,,32,9,ad,word-94 word-76 word-18 word-40 word-102 word-104,lin paewng tsyi kjun mjang dawX,(mə.)rən pˤroŋ tə C.qur maŋ kə.lˤuʔ,*(mə.)rə[n] *pˤroŋ *tə *C.qur *ma *[kə.l]ˤuʔ，,鄰 邦 之 君 亡 道，,sb-6-7a-8b-9/6/1 sb-6-7a-8b-9/6/2 sb-6-7a-8b-9/6/3 sb-6-7a-8b-9/6/4 sb-6-7a-8b-9/6/5 sb-6-7a-8b-9/6/6,
33,OldChinese,則 亦 不 可以 不 攸 政 而 善 於 民,則	亦	不	可以	不	修	政	而	善	於	民,conjunction	aso	negative.adverb	can	negative.adverb	improve	government	conjunction	good	preposition	people,,,,,33,9,ad,word-96 word-105 word-33 word-74 word-33 word-97 word-98 word-38 word-99 word-47 word-34,tsok yek pjuw khaX_yiX pjuw sjuw tsyengH nyi dzyenX u mjin,tsˤək ɢ(r)Ak pə kʰˤajʔ_ləʔ pə liw teŋ-s nə danʔ ʔˤa miŋ,*[ts]ˤək *[ɢ](r)Ak *pə *[k]ʰˤa[j]ʔ_*ləʔ *pə *s-liw *teŋ-s *nə *[g]e[n]ʔ *[ʔ]ˤa *mi[ŋ].,則 亦 不 可 以 不 修 政 而 善 於 民。,sb-6-7a-8b-9/6/7 sb-6-7a-8b-9/6/8 sb-6-7a-8b-9/6/9 sb-6-7a-8b-9/6/10 sb-6-7a-8b-9/6/11 sb-6-7a-8b-9/6/12 sb-6-7a-8b-9/6/13 sb-6-7a-8b-9/6/14 sb-6-7a-8b-9/6/15 sb-6-7a-8b-9/6/16 sb-6-7a-8b-9/6/17 sb-6-7a-8b-9/6/18,
34,OldChinese,不 肰,不	然,negative.adverb	like.that,,,,,34,10,ad,word-33 word-100,pjuw nyen,pə nan,*pə *[n]a[n]，,不 然，,sb-6-7a-8b-9/6/19 sb-6-7a-8b-9/6/20,
35,OldChinese,亡 以 取 之,亡	以	取	之,not.have	preposition	take	anaphoric.substitute.of.the.object,,,,,35,10,ad,word-102 word-68 word-106 word-18,mjang yiX tshuwX tsyi,maŋ ləʔ tsʰˤoʔ tə,*ma *ləʔ *tsʰˤoʔ *tə.,亡 以 取 之。,sb-6-7a-8b-9/6/21 sb-6-7a-8b-9/6/22 sb-6-7a-8b-9/6/23 sb-6-7a-8b-9/6/24,
36,OldChinese,莊公 曰,莊公	曰,duke.Zhuang.(personal.name)	say,,,,,36,11,ad,word-2 word-14,tsrjang_kuwng hjwot,tsraŋ_C.qˤoŋ ɢʷat,*[ts]raŋ_*C.qˤoŋ *[ɢ]ʷat:,莊 公 曰:,sb-6-7a-8b-9/6/25 sb-6-7a-8b-9/6/27,
37,OldChinese,昔 沱胉 語 寡人 曰,昔	施伯	語	寡人	曰,past	Shi.Bo.(personal.name)	tell	I.miserable	say,,,,,37,11,ad,word-15 word-107 word-108 word-109 word-14,sjek da_phak ngjoH kwaeX_nyin_ hjwot,sAk l̥aj_pʰˤak ŋ(r)aʔ-s C.kʷˤraʔ_niŋ ɢʷat,*[s]Ak *l̥aj_*pʰˤak ŋ(r)aʔ-s *[C.k]ʷˤraʔ_*ni[ŋ] *[ɢ]ʷat：,「昔 施 伯 語 寡 人 曰：,sb-6-7a-8b-9/6/28 sb-6-7a-8b-9/6/29 sb-6-7a-8b-9/6/31 sb-6-7a-8b-9/6/32 sb-6-7a-8b-9/6/34,
38,OldChinese,君子 𠭁 之 ⿺辶⿱止羍 之,君子	得	之	失	之,the.noble.man	obtain	this	loose	this,,,,,38,11,ad,word-80 word-110 word-18 word-111 word-18,kjun tsiX tsyi syit tsyi,C.qur_tsəʔ tˤək tə l̥it tə,*C.qur_*[ts]əʔ *tˤək *tə *l̥i[t] *tə，,君 子 得 之 失 之，,,
39,OldChinese,天 命,天	命,heave	mandate,,,,,39,11,ad,word-112 word-113,then mjaengH,l̥ˤin riŋ-s,*l̥ˤi[n] *m-riŋ-s.,天 命。,,
40,OldChinese,含 異 於 尔 言,今	異	於	爾	言,today	different	preposition	you	word,,,,,40,12,ad,word-35 word-114 word-47 word-115 word-61,kim yiH u nyeX ngjon,krəm ɢ(r)ək-s ʔˤa nərʔ ŋan,*[k]r[ə]m *ɢ(r)ək-s *[ʔ]ˤa *n[ə][r]ʔ *ŋa[n].,】今 異 於 【爾 言】。」,ad-3-6/6/1 ad-3-6/6/2 ad-3-6/6/3,
41,OldChinese,⿱艸⿰告攴 ⿳艸罒勿⿰攴 曰,曹沫	曰,Cao.Mo.(personal.name)	say,,,,,41,13,ad,word-11 word-14,dzaw_mat hjwot,tsˤu_mˤat ɢʷat,*N-tsˤu_*mˤat *[ɢ]ʷat：,曹 沫 曰：,ad-3-6/6/4 ad-3-6/6/6,
42,OldChinese,無 以 異 於 臣 之 言 也,無	以	異	於	臣	之	言	也,not.have	preposition	different	preposition	minister	conjunction	word	modal.particle,,,,,42,13,ad,word-31 word-68 word-114 word-47 word-92 word-18 word-61 word-20,mju yiX yiH u dzyin tsyi ngjon yaeX,ma ləʔ ɢ(r)ək-s ʔˤa giŋ tə ŋan lAjʔ,*ma *ləʔ *ɢ(r)ək-s *[ʔ]ˤa *[g]i[ŋ] *tə *ŋa[n] *lAjʔ，,「無 以 異 於 臣 之 言 也，,ad-3-6/6/7 ad-3-6/6/8 ad-3-6/6/9 ad-3-6/6/10 ad-3-6/6/11 ad-3-6/6/12 ad-3-6/6/13 ad-3-6/6/14,
43,OldChinese,君 弗 𦘔,君	弗	盡,her.majesty	negative.adverb	fully.understand,,,,,43,13,ad,word-40 word-116 word-117,kjun pjut tsinX,C.qur put tsinʔ,*C.qur *p[u]t *tsi[n]ʔ.,君 弗 盡。,ad-3-6/6/15 ad-3-6/6/16 ad-3-6/6/17,
44,OldChinese,臣 䎽 之 曰,臣	聞	之	曰,minister	hear	cataphoric.substitute.of.the.object	say,,,,,44,14,ad,word-92 word-93 word-18 word-14,dzyin mjun tsyi hjwot,giŋ mun tə ɢʷat,*[g]i[ŋ] *mu[n] *tə *[ɢ]ʷat：,臣 聞 之 曰：,ad-3-6/6/18 ad-3-6/6/19 ad-3-6/6/20 ad-3-6/6/21,
45,OldChinese,君子 以 ⿰臣⿱口又 ⿱爯又 而 ⿺辶⿱止羍 之,君子	以	賢	稱	而	失	之,the.noble.man	preposition	sage	denomination	conjunction	loose	anaphoric.substitute.of.the.object,,,,,45,14,ad,word-80 word-68 word-118 word-119 word-38 word-111 word-18,kjun_tsiX yiX hen tsyhing nyi syit tsyi,C.qur_tsəʔ ləʔ gˤin tʰəŋ nə l̥it tə,*C.qur_*[ts]əʔ *ləʔ *[g]ˤi[n] *tʰəŋ *nə *l̥i[t] *tə，,君 VI  子 以 賢 稱 而 失 之，,ad-3-6/6/22 ad-7-8/7/1,
46,OldChinese,天 命,天	命,heaven	mandate,,,,,46,14,ad,word-112 word-113,then mjaengH,l̥ˤin riŋ-s,*l̥ˤi[n] *m-riŋ-s;,天 命;,,
47,OldChinese,以 無 道 ⿱爯又 而 ⿱回又 身 ⿺辶⿱亯京 殜,以	無	道	稱	而	沒	身	就	世,preposition	not.have	way	denomination	conjunction	extinguish	body	go	era,,,,,47,,ad,word-68 word-31 word-104 word-119 word-38 word-120 word-121 word-122 word-123,yiX mju dawX tsyhing nyi mwot syin dzjuwH syejH,ləʔ ma kə.lˤuʔ tʰəŋ nə mˤut n̥iŋ dzuk-s l̥ap-s,*ləʔ *ma *[kə.l]ˤuʔ *tʰəŋ *nə *mˤut *n̥i[ŋ] *[dz]u[k]-s *l̥ap-s，,以 無 道 稱 而 沒 身 就 世，,,
48,OldChinese,亦 天 命,亦	天	命,also	heaven	mandate,,,,,48,,ad,word-105 word-112 word-113,yek then mjaengH,ɢ(r)Ak l̥ˤin riŋ-s,*ɢ(r)Ak *l̥ˤi[n] *m-riŋ-s.,亦 天 命。,,
49,OldChinese,不 肰,不	然,negative.adverb	like.that,,,,,49,,ad,word-33 word-100,pjuw nyen,pə nan,*pə *[n]a[n]，,不 然，,,
50,OldChinese,君子 以 ⿰臣⿱口又 ⿱爯又,君子	以	賢	稱,the.noble.man	preposition	sage	denomination,,,,,50,,ad,word-80 word-68 word-118 word-119,kjun_tsiX yiX hen tsyhing,C.qur_tsəʔ ləʔ gˤin tʰəŋ,*C.qur_ *[ts]əʔ *ləʔ *[g]ˤi[n],君 子 以 賢 稱，,,
51,OldChinese,害 又 弗 𠭁,曷	有	弗	得,how	have	negative.adverb	obtain,,,,,51,,ad,word-124 word-32 word-116 word-110,hat hjuwX pjut tok,gˤat ɢʷəʔ put tˤək,*[g]ˤat *[ɢ]ʷəʔ *p[u]t *tˤək？,曷 有 弗 得？,,
52,OldChinese,以 無 道 ⿱爯又,以	無	道	稱,preposition	not.have	way	denomination,,,,,52,,ad,word-68 word-31 word-104 word-119,yiX mju dawX tsyhing,ləʔ ma kə.lˤuʔ tʰəŋ,*ləʔ *ma *[kə.l]ˤuʔ *tʰəŋ，,以 無 道 稱，,,
53,OldChinese,害 又 弗 ⿺辶⿱止羍,曷	有	弗	失,how	have	negative.adverb	loose,,,,,53,,ad,word-124 word-32 word-116 word-111,hat hjuwX pjut syit,gˤat ɢʷəʔ put l̥it,*[g]ˤat *[ɢ]ʷəʔ *p[u]t *l̥i[t]？,曷 有 弗 失？,,
54,OldChinese,⿵戕口 公 曰,莊公	曰,duke.Zhuang.(personal.name)	say,,,,,54,,ad,word-2 word-14,tsrjang_kuwng hjwot,tsraŋ_C.qˤoŋ ɢʷat,*[ts]raŋ_*C.qˤoŋ *[ɢ]ʷat：,莊 公 曰：,,
55,OldChinese,㬎 才,顯	哉,apparent	modal.particle,,,,,55,,ad,word-125 word-89,xenX tsoj,qʰˤenʔ tsˤə,*qʰˤenʔ *[ts]ˤə，,「顯 VII  哉，,,
56,OldChinese,𫊟 䎽 此 言,吾	聞	此	言,I	hear	this	word,,,,,56,,ad,word-126 word-93 word-54 word-61,ngu mjun tshjeX ngjon,ŋˤa mun tsʰe(j)ʔ ŋan,*ŋˤa *mu[n] *[tsʰ]e(j)ʔ *ŋa[n].,吾 聞 此 言。」,,
57,OldChinese,乃 命 毀 鍾 型 而 聖 邦 正,乃	命	毀	鍾	型	而	聽	邦	政,conjunction	order	destroy	bell	shape	conjunction	listen	state	government,,,,,57,,ad,word-127 word-113 word-128 word-6 word-7 word-38 word-129 word-76 word-98,nojX mjaengH xjweX tsyowng heng nyi theng paewng tsyengH,nˤə(ŋ)ʔ riŋ-s m̥(r)ajʔ toŋ gˤeŋ nə l̥ˤeŋ pˤroŋ teŋ-s,*nˤəʔ *m-riŋ-s *[m̥](r)ajʔ *toŋ *gˤeŋ *nə *l̥ˤeŋ *pˤroŋ *teŋ-s.,乃 命 毀 鍾 型 而 聽 邦 政。,,
58,OldChinese,不 晝 ⿱宀𱟜,不	晝	寢,negative.adverb	day	sleep,,,,,58,,ad,word-33 word-130 word-131,pjuw trjuwH tshimX,pə truk-s tsʰimʔ,*pə *truk-s *[tsʰ]imʔ，,不 晝 寢，,,
59,OldChinese,不 酓  酒,不	飲	酒,negative.adverb	drink.wine	wine,,,,,59,,ad,word-33 word-132 word-133,pjuw imX tsjuwX,pə q(r)umʔ tsuʔ,*pə *q(r)[u]mʔ *tsuʔ，,不 飲 酒，,,
60,OldChinese,不 聖 樂,不	聽	樂,negative.adverb	listen	music,,,,,60,,ad,word-33 word-129 word-134,pjuw theng ngaewk,pə l̥ˤeŋ ŋˤrawk,*pə *l̥ˤeŋ *[ŋ]ˤrawk，,不 聽 樂，,,
61,OldChinese,居 不 𧜼 ⿳民且又,居	不	褻	文,stay	negative.adverb	dress	adorn,,,,,61,,ad,word-135 word-33 word-136 word-137,kjo pjuw sjet mjun,k(r)a pə ŋet mən,*k(r)a *pə *s-ŋet *mə[n]，,居 不 襲 文，,,
62,OldChinese,飤 不 ⿹弍月 ⿲弓采弓⿱皿,食	不	貳	胾,eat	negative.adverb	duplicate	soup,,,,,62,,ad,word-138 word-33 word-139 word-140,zyik pjuw nyijH tsriH,lək pə nij-s tsˤə,*mə-lək *pə *ni[j]-s *kˤraŋ，,食 不 貳 羹，,,
63,OldChinese,兼㤅 萬民,兼愛	萬民,universal.love	thousand.people,,,,,63,,ad,word-141 word-142,kem_ojH mjonH_mjin,kˤem_qˤəp-s C.man-s_miŋ,*[k]ˤem_*[q]ˤə[p]-s *C.ma[n]-s_*mi[ŋ],兼 愛 萬 民,,
64,OldChinese,而 亡 又 厶 也,而	亡	有	私	也,conjunction	negative.adverb	have	private.interest	modal.particle,,,,,64,,ad,word-38 word-102 word-32 word-143 word-20,nyi mjang hjuwX sij yaeX,nə maŋ ɢʷəʔ səj lAjʔ,*nə *maŋ *[ɢ]ʷəʔ *[s]əj *lAjʔ.,而 亡 有 私 也。,,
65,OldChinese,還 年 而 ⿱宀䎽 於 ⿱艸⿰告攴 ⿳艸罒⿹戈禾 曰,還	年	而	問	於	曹沫	曰,following	year	conjunction	ask	preposition	Cao.Mo.(personal.name)	say,,,,,65,,ad,word-144 word-145 word-38 word-146 word-47 word-11 word-14,hwaen nen nyi mjunH u dzaw_mat hjwot,ɢʷˤen C.nˤiŋ nə C.mun-s ʔˤa tsˤu_mˤat ɢʷat,*[ɢ]ʷˤen *C.nˤi[ŋ] *nə *C.mu[n]-s *[ʔ]ˤa *N-tsˤu_*mˤat *[ɢ]ʷat：,還 年 VIII 而 問 於 曹 沫 曰：,,
66,OldChinese,𫊟 欲 與 齊 𡃣,吾	欲	與	齊	戰,I	desire	preposition	Qi.(place.name)	war,,,,,66,,ad,word-126 word-147 word-148 word-149 word-150,ngu yowk yoX dzej tsyenH,ŋˤa ɢ(r)ok q(r)aʔ dzˤəj tar-s,*ŋˤa *ɢ(r)ok *m-q(r)aʔ *[dz]ˤəj *tar-s，,「吾 欲 與 齊 戰，,,
67,OldChinese,䎽 ⿰申戈 ⿳爫人系 女,問	陳	奚	如,ask	battle.array	how	how,,,,,67,,ad,word-146 word-151 word-152 word-153,mjunH drin hej nyo,C.mun-s lrin gˤe na,*C.mu[n]-s *lri[n] *[g]ˤe *na？,問 陳 奚 如？,,
68,OldChinese,𰡧 𬪟 城 ⿳爫人系 女,守	邊	城	奚	如,preserve	frontier	town	how	how,,,,,68,,ad,word-154 word-155 word-156 word-152 word-153,syuwH pen dzyeng hej nyo,s.tuʔ-s pˤen deŋ gˤe na,*s.tuʔ-s *pˤe[n] *[d]eŋ *[g]ˤe *na？,守 邊 城 奚 如？,,
69,OldChinese,⿱艸⿰告攴 ⿳艸罒人⿰攴 𣌭 曰,曹沫	答	曰,Cao.Mo.(personal.name)	reply	say,,,,,69,,ad,word-11 word-157 word-14,dzaw_mat top hjwot,tsˤu_mˤat tˤup ɢʷat,*N-tsˤu_*mˤat *[t]ˤ[u]p *[ɢ]ʷat：,曹 沫 答 曰：,,
70,OldChinese,臣 䎽 之,臣	聞	之,minister	hear	this,,,,,70,,ad,word-92 word-93 word-18,dzyin mjun tsyi,giŋ mun tə,*[g]i[ŋ] 【*mu[n] *tə：,「臣 【聞 之：,,
71,OldChinese,又 固 ⿱母心 而 亡 固 城,有	固	謀	而	亡	固	城,have	solid	plan	conjunction	not.have	solid	town,,,,,71,,ad,word-32 word-158 word-159 word-38 word-102 word-158 word-156,hjuwX kuH mjuw nyi mjang kuH dzyeng,ɢʷəʔ kˤa-s mə nə maŋ kˤa-s deŋ,*[ɢ]ʷəʔ *[k]ˤa-s *mə *nə *maŋ *[k]ˤa-s *[d]eŋ；,有 固 謀 而 亡 固 城；,,
72,OldChinese,又 克 正 而 亡 克 ⿰申戈,有	克	正	而	亡	克	陳,have	capable	government	conjunction	not.have	capable	battle.array,,,,,72,,ad,word-32 word-160 word-63 word-38 word-102 word-160 word-151,hjuwX khok tsyengH nyi mjang khok drin,ɢʷəʔ kʰˤək teŋ-s nə maŋ kʰˤək lrin,*[ɢ]ʷəʔ *kʰˤək *teŋ-s *nə *maŋ *kʰˤək *lri[n].,有 克 政 而 亡 克 陳。,,
73,OldChinese,三 弋 之 ⿰申戈 𦘔 廌,三	代	之	陳	盡	存,three	dynasty	conjunction	battle.array	all	be.present,,,,,73,,ad,word-161 word-162 word-18 word-151 word-117 word-79,sam dojH tsyi drin tsinX dzwon,s.rum lˤək-s tə lrin tsinʔ dzˤən,*s.rum *lˤək-s *tə *lri[n] *tsi[n]ʔ *[dz]ˤə[n].,】IX三 代 之 陳 盡 存。,,
74,OldChinese,或 以 克,或	以	克,some	preposition	defeat,,,,,74,,ad,word-65 word-68 word-160,hwok yiX khok,ɢʷˤək ləʔ kʰˤək,*[ɢ]ʷˤək *ləʔ *kʰˤək，,或 以 克，,,
75,OldChinese,或 以 亡,或	以	亡,some	preposition	flee,,,,,75,,ad,word-65 word-68 word-102,hwok yiX mjang,ɢʷˤək ləʔ maŋ,*[ɢ]ʷˤək *ləʔ *maŋ.,或 以 亡。,,
76,OldChinese,𠭯 臣 之 䎽 之,且	臣	之	聞	之,conjunction	minister	conjunction	hear	this,,,,,76,,ad,word-163 word-92 word-18 word-93 word-18,tsjo dzyin tsyi mjun tsyi,tsa giŋ tə mun tə,*tsa *[g]i[ŋ] *tə *mu[n] *tə：,且 臣 之 聞 之：,,
77,OldChinese,少 邦 之 大 邦 之 ⿵門⿰夕刀,小	邦	居	大	邦	之間,small	state	stay	big	state	between,,,,,77,,ad,word-37 word-76 word-135 word-5 word-76 word-164,sjewX paewng kjo dajH paewng tsyi hean_kean_kean,sewʔ pˤroŋ k(r)a lˤat-s pˤroŋ tə_N-ˤren,"*[s]ewʔ *pˤroŋ *k(r)a *lˤa[t]-s *pˤroŋ *tə_*kˤre[n],","小 邦 居 大 邦 之 間,",,
78,OldChinese,啻 邦 立 陀,敵	邦	交	地,enemy	state	exchange	land,,,,,78,,ad,word-165 word-76 word-166 word-167,dek paewng kaew dijH,dˤek pˤroŋ kˤraw lˤej-s,*[d]ˤek *pˤroŋ *[k]ˤraw *[l]ˤej-s，,敵 邦 交 地，,,
79,OldChinese,不 可以 先 𰆺 悁,不	可以	先	作	怨,negative.adverb	can	before	do	complain,,,,,79,,ad,word-33 word-74 word-168 word-169 word-170,pjuw khaX_yiX sen tsuH jwonH,pə kʰˤajʔ_ləʔ sˤər tsˤak-s ʔor-s,*pə *[k]ʰˤa[j]ʔ_*ləʔ *sˤər *[ts]ˤak-s *[ʔ]o[r]-s，,不 可 【以 先 作 怨，,,
80,OldChinese,疆 ⿱陀土 毋 先,疆	地	毋	先,border	land	negative.adverb	before,,,,,80,,ad,word-71 word-167 word-90 word-168,kjang dijH mju sen,kaŋ lˤej-s mo sˤər,*kaŋ *[l]ˤej-s *mo *sˤər,疆 地 毋 先,,
81,OldChinese,而 必 取 𱙁,而	必	取	焉,conjunction	must	take	in.it,,,,,81,,ad,word-38 word-72 word-106 word-103,nyi pjit tshuwX jen,nə pit tsʰˤoʔ ʔan,*nə *pi[t] *tsʰˤoʔ *[ʔ]a[n]，,而 必 取 † 】 焉，,,
82,OldChinese,所 以 佢 𬪟,所	以	拒	邊,nominalization.marker	preposition	resist	frontier,,,,,82,,ad,word-171 word-68 word-172 word-155,srjoX yiX gjoX pen,qʰaʔ ləʔ g(r)aʔ pˤen,*s-qʰ<r>aʔ *ləʔ *g(r)aʔ *pˤe[n]；,X 所 以 拒 邊；,,
83,OldChinese,毋 㤅 貨 ⿰月次⿱貝 子 女,毋	愛	貨	資	子	女,negative.adverb	love	commodities	goods	son	woman,,,,,83,,ad,word-90 word-173 word-174 word-175 word-176 word-177,mju ojH xwaH tsij tsiX nrjoX,mo qˤəp-s qʷʰˤaj-s tsij tsəʔ nraʔ,*mo *[q]ˤə[p]-s *qʷʰˤaj-s *[ts]ij、 *[ts]əʔ *nraʔ，,毋 愛 貨 資、 子 女，,,
84,OldChinese,以 事 亓 ⿰亻𰆴 ⿺辶卑,以	事	其	便嬖,conjunction	serve	possessive.pronoun	advisors.and.favourites,,,,,84,,ad,word-68 word-178 word-41 word-179,yiX dzriH gi bjien_pejH,ləʔ s-rəʔ-s gə ben_pˤek-s,"*ləʔ *[m-s-]rəʔ-s *gə *[b]e[n]_*pˤek-s,",以 事 其 便 嬖，,,
85,OldChinese,所 以 佢 內,所	以	拒	內,nominalization.marker	preposition	resist	inside,,,,,85,,ad,word-171 word-68 word-172 word-180,srjoX yiX gjoX nop,qʰaʔ ləʔ g(r)aʔ nˤup,*s-qʰ<r>aʔ *ləʔ *g(r)aʔ *nˤ[u]p-s;,所 以 拒 內；,,
86,OldChinese,成 𩫏 必 攸,城	郭	必	修,town	outskirts	must	improve,,,,,86,,ad,word-156 word-181 word-72 word-97,dzyeng kwak pjit sjuw,deŋ kʷˤak pit liw,*[d]eŋ *kʷˤak *pi[t] *s-liw，,城 郭 必 修，,,
87,OldChinese,纏 ⿸虍羍 利 兵,繕	甲	利	兵,fortify	weapon	benefit	armour,,,,,87,,ad,word-182 word-183 word-184 word-185,dzyenH kaep lijH pjaeng,danʔ-s kˤrap C.rit-s praŋ,*[g]e[n]ʔ-s *[k]ˤr[a]p *C.ri[t]-s *praŋ，,繕 甲 利 兵，,,
88,OldChinese,必 又 𡃣 心,必	有	戰	心,must	have	war	heart,,,,,88,,ad,word-72 word-32 word-150 word-186,pjit hjuwX tsyenH sim,pit ɢʷəʔ tar-s səm,*pi[t] *[ɢ]ʷəʔ *tar-s *səm,必 有 戰 心,,
89,OldChinese,以 𡃣 所 以 為 倀 也,以	戰	所	以	為	長	也,conjunction	war	nominalization.marker	preposition	be	head	modal.particle,,,,,89,,ad,word-68 word-150 word-171 word-68 word-4 word-187 word-20,yiX tsyenH srjoX yiX hjwe drjang yaeX,ləʔ tar-s qʰaʔ ləʔ ɢʷ(r)aj Cə-N-traŋ lAjʔ,*ləʔ *tar-s， *s-qʰ<r>aʔ *ləʔ  *ɢʷ(r)aj *Cə-[N]-traŋ,以 戰， 所 以 為 長 也。,,
90,OldChinese,⿰虘又 臣 之 䎽 之,且	臣	之	聞	之,conjunction	minister	nominalization.marker	hear	cataphoric.substitute.of.the.object,,,,,90,,ad,word-163 word-92 word-18 word-93 word-18,tsjo dzyin tsyi mjun tsyi,tsa giŋ tə mun tə,*tsa *[g]i[ŋ] *tə *mu[n] *[tə：,且 臣 之 聞 XI 【之：,,
91,OldChinese,不 和 於 邦,不	和	於	邦,negative.adverb	harmony	preposition	state,,,,,91,,ad,word-33 word-188 word-47 word-76,pjuw hwa u paewng,pə ɢˤoj ʔˤa pˤroŋ,*pə *[ɢ]ˤoj *[ʔ]ˤa *pˤroŋ，,不 和 於 邦，,,
92,OldChinese,不 可以 出 ⿰谷象⿱土,不	可以	出	舍,negative.adverb	can	exit	barracks,,,,,92,,ad,word-33 word-74 word-189 word-190,pjuw khaX_yiX tsyhwijH syaeH,pə kʰˤajʔ_ləʔ kʰut-s l̥Ak-s,*pə *[k]ʰˤa[j]ʔ_*ləʔ] *t-kʰut-s *[l̥]Ak-s.,不 可 以】 出 舍。,,
93,OldChinese,不 和 於 ⿰谷象⿱土,不	和	於	舍,negative.adverb	harmony	preposition	barracks,,,,,93,,ad,word-33 word-188 word-47 word-190,pjuw hwa u syaeH,pə ɢˤoj ʔˤa l̥Ak-s,*pə *[ɢ]ˤoj *[ʔ]ˤa *[l̥]Ak-s，,不 和 於 舍，,,
94,OldChinese,不 可以 出 ⿰申戈,不	可以	出	陳,negative.adverb	can	exit	battle.array,,,,,94,,ad,word-33 word-74 word-189 word-151,pjuw khaX_yiX tsyhwijH drin,pə kʰˤajʔ_ləʔ kʰut-s lrin,*pə *[k]ʰˤa[j]ʔ_*ləʔ *t-kʰut-s *lri[n].,不 可 以 出 陳。,,
95,OldChinese,不 和 於 ⿰申戈,不	和	於	陳,negative.adverb	harmony	preposition	battle.array,,,,,95,,ad,word-33 word-188 word-47 word-151,pjuw hwa u drin,pə ɢˤoj ʔˤa lrin,*pə *[ɢ]ˤoj *[ʔ]ˤa *lri[n]，,不 和 於 陳，,,
96,OldChinese,不 可以 出 𡃣,不	可以	出	戰,negative.adverb	can	exit	war,,,,,96,,ad,word-33 word-74 word-189 word-150,pjuw khaX_yiX tsyhwijH tsyenH,pə kʰˤajʔ_ləʔ kʰut-s tar-s,*pə *[k]ʰˤa[j]ʔ_*ləʔ *t-kʰut-s *tar-s.,不 可 以 出 戰。,,
97,OldChinese,是古 夫 ⿰申戈 者,是故	夫	陳	者,conjunction	modal.particle	battle.array	nominalization.marker,,,,,97,,ad,word-191 word-192 word-151 word-193,dzyeX_kuH bju drin tsyaeX,deʔ_kˤa(ʔ)-s ba lrin tAʔ,*[d]eʔ_*kˤa(ʔ)-s *ba *lri[n] *tAʔ，,是 故 夫 陳 者，,,
98,OldChinese,三 ⿱爻言 之 末,三	教	之	末,three	teaching	conjunction	peak,,,,,98,,ad,word-161 word-194 word-18 word-195,sam kaewH tsyi mat,s.rum s.kˤraw-s tə mˤat,*s.rum *s.kˤraw-s *tə *mˤat.,三 教 之 末。,,
99,OldChinese,君 必 不 已,君	必	不	已,her.majesty	must	negative.adverb	give.up,,,,,99,,ad,word-40 word-72 word-33 word-83,kjun pjit pjuw yiX,C.qur pit pə ɢ(r)əʔ,*C.qur *pi[t] *pə *ɢ(r)əʔ，,君 必 不 已，,,
100,OldChinese,則 䌛 亓 ⿱臼木 𰲛,則	由	其	本	乎,conjunction	follow	possessive.pronoun	root	modal.particle,,,,,100,,ad,word-96 word-196 word-41 word-197 word-198,tsok yuw gi pwonX hu,tsˤək lu gə C.pˤənʔ ɢˤa,*[ts]ˤək *l[u] *gə *C.pˤə[n]ʔ *ɢˤa？,則 XII 由 其 本 乎？」,,
101,OldChinese,⿵戕口 公 曰,莊公	曰,duke.Zhuang.(personal.name)	say,,,,,101,,ad,word-2 word-14,tsrjang_kuwng hjwot,tsraŋ_C.qˤoŋ ɢʷat,*[ts]raŋ_*C.qˤoŋ *[ɢ]ʷat：,莊 公 曰：,,
102,OldChinese,為 和 於 邦 女可,為	和	於	邦	如何,be	harmony	preposition	state	how,,,,,102,,ad,word-4 word-188 word-47 word-76 word-199,hjwe hwa u paewng nyo_ha,ɢʷ(r)aj ɢˤoj ʔˤa pˤroŋ na_gˤaj,*ɢʷ(r)aj *[ɢ]ˤoj *[ʔ]ˤa *pˤroŋ *na_*[g]ˤaj?,「為 和 於 邦 如 何？」,,
103,OldChinese,⿱艸⿰告攴 ⿳艸罒勿⿰攴 𣌭 曰,曹沫	答	曰,Cao.Mo.(personal.name)	reply	say,,,,,103,,ad,word-11 word-157 word-14,dzaw_mat top hjwot,tsˤu_mˤat tˤup ɢʷat,*N-tsˤu_*mˤat *[t]ˤ[u]p *[ɢ]ʷat：,曹 沫 答 曰：,,
104,OldChinese,毋 ⿰禾隻 民 旹,毋	穫	民	時,negative.adverb	cut	people	time,,,,,104,,ad,word-90 word-200 word-34 word-201,mju hwak mjin dzyi,mo qʷˤak miŋ də,*mo *m-qʷˤak *mi[ŋ] *[d]ə，,「毋 穫 民 時，,,
105,OldChinese,毋 敚 民 利,毋	奪	民	利,negative.adverb	take.by.force	people	benefit,,,,,105,,ad,word-90 word-202 word-34 word-184,mju dwat mjin lijH,mo Cə.lˤot miŋ C.rit-s,*mo *Cə.lˤot *mi[ŋ] *C.ri[t]-s.,毋 奪 民 利。,,
106,OldChinese,⿰糹畕 ⿰示工 而 飤,陳	功	而	食,explain	merit	conjunction	reward.with.food,,,,,106,,ad,word-151 word-64 word-38 word-138,drin kuwng nyi zyik,lrin kˤoŋ nə lək,*lri[n] *kˤoŋ *nə *mə-lək，,陳 功 而 食，,,
107,OldChinese,型 罰 又 辠,刑	罰	有	罪,punish	execute	have	crime,,,,,107,,ad,word-203 word-204 word-32 word-205,heng bjot hjuwX dzwojX,ɢˤeŋ bat ɢʷəʔ dzˤujʔ,*[ɢ]ˤeŋ *[b][a]t *[ɢ]ʷəʔ *[dz]ˤujʔ，,刑 罰 有 罪，,,
108,OldChinese,而 賞 𰪖 又 惪,而	賞	爵	有	德,conjunction	reward	honour	have	virtue,,,,,108,,ad,word-38 word-206 word-207 word-32 word-58,nyi syangX tsjak hjuwX tok,nə taŋʔ tsewk ɢʷəʔ tˤək,*nə *s-taŋʔ 【*[ts]ewk *[ɢ]ʷəʔ *tˤək.,而 賞 【爵 有 德。,,
109,OldChinese,凡 畜 群 臣,凡	畜	群	臣,all	cattle	group	minister,,,,,109,,ad,word-208 word-209 word-210 word-92,bjuwng trhjuwH gjun dzyin,bəŋ qʰuk-s gur giŋ,*bəŋ *qʰuk-s】 *[g]ur *[g]i[ŋ]，,凡 畜】XIII 群 臣，,,
110,OldChinese,貴 俴 同 𣥕 ,貴	賤	同	待,noble	vulgar	same	treat,,,,,110,,ad,word-211 word-212 word-213 word-214,kjw+jH dzjenH duwng dojX,kuj-s dzan-s lˤoŋ dˤəʔ,"*kuj-s *[dz][a][n]-s *lˤoŋ *tˤəŋʔ,","貴 賤 同 等,",,
111,OldChinese,髢 ⿱夕录 毋 ⿱伓貝,施	祿	毋	倍,give	emolument	negative.adverb	double,,,,,111,,ad,word-215 word-216 word-90 word-217,sye luwk mju bwojX,l̥aj rˤok mo bˤəʔ,*l̥aj *[r]ˤok *mo *[b]ˤəʔ.,施 祿 毋 倍。,,
112,OldChinese,詩 於 又 之,詩	於	有	之,Odes	preposition	have	cataphoric.substitute.of.the.object,,,,,112,,ad,word-218 word-47 word-32 word-18,syi u hjuwX tsyi,s.tə ʔˤa ɢʷəʔ tə,*s.tə *[ʔ]ˤa *[ɢ]ʷəʔ *tə，,詩 乎 有 之，,,
113,OldChinese,曰,曰,say,,,,,113,,ad,word-14,hjwot,ɢʷat,*[ɢ]ʷat:,曰:,,
114,OldChinese,幾 俤 君子,愷	悌	君子,serene	happy	the.noble.man,,,,,114,,ad,word-219 word-220 word-80,khojX dejH kjun_tsiX,C.qʰˤəjʔ lˤəjʔ-s C.qur_tsəʔ,*C.qʰˤəjʔ *lˤəjʔ-s *C.qur_*[ts]əʔ，,「愷 悌 君 子，,,
115,OldChinese,民 之 父 母,民	之	父	母,people	conjunction	father	mother,,,,,115,,ad,word-34 word-18 word-221 word-222,mjin tsyi pjuX muwX,miŋ tə p(r)aʔ məʔ,*mi[ŋ] *tə *p(r)aʔ *məʔ.,民 之 父 母。」,,
116,OldChinese,此 所 以,此	所	以,this	nominalization.marker	preposition,,,,,116,,ad,word-54 word-171 word-68,tshjeX srjoX yiX,tsʰe(j)ʔ qʰaʔ ləʔ,*[tsʰ]e(j)ʔ *s-qʰaʔ *ləʔ,此 所 以,,
117,OldChinese,為 和 於 邦,為	和	於	邦,be	harmony	preposition	state,,,,,117,,ad,word-4 word-188 word-47 word-76,hjwe hwa u paewng,ɢʷ(r)aj ɢˤoj ʔˤa pˤroŋ,*ɢʷ(r)aj *[ɢ]ˤoj *[ʔ]ˤa *pˤroŋ.,為 和 於 邦。」,,
118,OldChinese,⿵戕口 公 曰,莊公	曰,duke.Zhuang.(personal.name)	say,,,,,118,,ad,word-2 word-14,tsrjang_kuwng hjwot,tsraŋ_C.qˤoŋ ɢʷat,*[ts]raŋ_*C.qˤoŋ *[ɢ]ʷat：,莊 公 曰:,,
119,OldChinese,為 和 於 ⿰谷象⿱土 女之可,為	和	於	舍	如之何,be	harmony	preposition	barracks	how,,,,,119,,ad,word-4 word-188 word-47 word-190 word-223,hjwe hwa u syaeH nyo_tsyi_ha,ɢʷ(r)aj ɢˤoj ʔˤa l̥Ak-s na_tə_gˤaj,*ɢʷ(r)aj *[ɢ]ˤoj *[ʔ]ˤa *[l̥]Ak-s *na_*tə_*[g]ˤaj？,「為 和 於 舍 如 之 何？」,,
120,OldChinese,⿱艸⿰告攴 ⿳艸罒勿⿰攴 曰,曹沫	曰,Cao.Mo.(personal.name)	say,,,,,120,,ad,word-11 word-14,dzaw_mat hjwot,tsˤu_mˤat ɢʷat,*N-tsˤu_*mˤat *[ɢ]ʷat：,曹 沫 曰：,,
121,OldChinese,三 軍 大 出,三	軍	大	出,three	army	big	exit,,,,,121,,ad,word-161 word-224 word-5 word-189,sam kjun dajH tsyhwijH,s.rum kʷər lˤat-s kʰut-s,*s.rum *[k]ʷər *lˤa[t]-s *t-kʰut-s，,"「XIV三 軍 大 出,",,
122,OldChinese,君 自 𰳭,君	自	率,the.noble.man	self	lead,,,,,122,,ad,word-40 word-225 word-226,kjun dzijH lwit,C.qur s.bit-s rut,*C.qur *[ts]əʔ *s-rut-s，,君 自 率，,,
123,OldChinese,必 又 二 𨟻 軍,必	有	二	將軍,must	have	two	general,,,,,123,,ad,word-72 word-32 word-227 word-228,pjit hjuwX nyijH tsjang_kjun,pit ɢʷəʔ nij-s tsaŋ_kʷər,*pi[t] *[ɢ]ʷəʔ *ni[j]-s *[ts]aŋ_*[k]ʷər;,必 有 二 將 軍;,,
124,OldChinese,毋 𨟻 軍,無	將軍,not.have	general,,,,,124,,ad,word-31 word-228,mju tsjang_kjun,ma tsaŋ_kʷər,*ma *[ts]aŋ_*[k]ʷər，,無 將 軍，,,
125,OldChinese,必 又 𬣏 ⿺辶卑 大夫,必	有	數	嬖	大夫,must	have	number	favourite	grandees,,,,,125,,ad,word-72 word-32 word-229 word-230 word-231,pjit hjuwX sraewk pejH dajH_bju,pit ɢʷəʔ rok pˤek-s lˤat-s_ba,*pi[t] *[ɢ]ʷəʔ *s-rok *pˤek-s *lˤa[t]-s_*p(r)a；,必 有 數 嬖 大 夫；,,
126,OldChinese,毋 ⿺辶卑 大夫,無	嬖	大夫,not.have	favourite	grandees,,,,,126,,ad,word-31 word-230 word-231,mju pejH dajH_bju,ma pˤek-s lˤat-s_ba,*ma *pˤek-s *lˤa[t]-s_*p(r)a，,無 嬖 大 夫，,,
127,OldChinese,必 又 𬣏 大 官 之 帀 公孫 公子,必	有	數	大	官	之	師	公孫	公子,must	have	number	great	official	conjunction	multitude?	nephew.of.a.duke	son.of.a.duke,,,,,127,,ad,word-72 word-32 word-229 word-5 word-232 word-18 word-233 word-234 word-235,pjit hjuwX sraewk dajH kwan tsyi srij kuwng_swon kuwng_tsiX,pit ɢʷəʔ rok lˤat-s kʷˤan tə srij C.qˤoŋ_sˤun C.qˤoŋ_tsəʔ,*pi[t] *[ɢ]ʷəʔ *s-rok *lˤa[t]-s *kʷˤa[n] *tə *srij， *C.qˤoŋ_*[s]ˤu[n]， *C.qˤoŋ_*[ts]əʔ.,必 有 數 大 官 之 師， 公 孫， 公 子。,,
128,OldChinese,凡 又 司 𰳭 倀 民 者,凡	有	司	率	長	民	者,all	have	administer	lead	conduct	people	nominalization.marker,,,,,128,,ad,word-208 word-32 word-236 word-226 word-187 word-34 word-193,bjuwng hjuwX si lwit drjang mjin tsyaeX,bəŋ ɢʷəʔ lə rut Cə-N-traŋ miŋ tAʔ,*bəŋ *[ɢ]ʷəʔ *s-lə *s-rut-s *Cə-[N]-traŋ *mi[ŋ] *tAʔ，,凡 有 司 率 長 民 者，,,
129,OldChinese,毋 角 ⿱竹隹,無	祿	爵,negative.adverb	emolument	honour,,,,,129,,ad,word-31 word-216 word-207,mju luwk tsjak,ma rˤok tsewk,"*ma *[r]ˤok *[ts]ewk,","XV無 祿 爵,",,
130,OldChinese,毋 从 軍 而 辟 辠,無	從	軍	而	避	罪,negative.adverb	follow	army	conjunction	avoid	crime,,,,,130,,ad,word-31 word-237 word-224 word-38 word-238 word-205,mju dzjowng kjun nyi bjieH dzwojX,ma tsoŋ kʷər nə bek-s dzˤujʔ,*ma *[dz]oŋ *[k]ʷər *nə *[b]ek-s *[dz]ˤujʔ，,無 從 軍 而 避 罪，,,
131,OldChinese,同 都 而 ⿱爻言 於 邦,用	諸	而	教	於	邦,unite	this	conjunction	teaching	preposition	state,,,,,131,,ad,word-239 word-240 word-38 word-194 word-47 word-76,yowngH tsyo nyi kaewH u paewng,lˤoŋ-s ta nə s.kˤraw-s ʔˤa pˤroŋ,*lˤoŋ *tˤa *nə *s.kˤraw-s *[ʔ]ˤa *pˤroŋ,同 都 而 教 於 邦,,
132,OldChinese,則 亓 𣌭 之 不 難,則	其	合	之	不	難,conjunction	modal.particle	unite	anaphoric.substitute.of.the.object	negative.adverb	difficult,,,,,132,,ad,word-96 word-41 word-241 word-18 word-33 word-242,tsok gi hop tsyi pjuw nan,tsˤək gə kˤop tə pə nˤar,*[ts]ˤək *gə *m-kˤop *tə *pə *nˤar，,則 其 合 之 不 難，,,
133,OldChinese,所 以 為 和 於 ⿰谷象⿱土,所	以	為	和	於	舍,nominalization.marker	preposition	be	harmony	preposition	barracks,,,,,133,,ad,word-171 word-68 word-4 word-188 word-47 word-190,srjoX yiX hjwe hwa u syaeH,qʰaʔ ləʔ ɢʷ(r)aj ɢˤoj ʔˤa l̥Ak-s,*s-qʰaʔ *ləʔ *ɢʷ(r)aj *[ɢ]ˤoj *[ʔ]ˤa *[l̥]Ak-s.,所 以 為 和 於 舍。」,,
134,OldChinese,⿵戕口 公 或 䎽,莊公	又	問,duke.Zhuang.(personal.name)	conjunction	ask,,,,,134,,ad,word-2 word-243 word-146,tsrjang_kuwng hjuwH mjunH,tsraŋ_C.qˤoŋ ɢʷəʔ-s C.mun-s,*[ts]raŋ_*C.qˤoŋ *[ɢ]ʷəʔ-s *C.mu[n]-s：,莊 公 又 問：,,
135,OldChinese,為 和 於 ⿰申戈 女之可,為	和	於	陳	如之何,be	harmony	preposition	battle.array	how,,,,,135,,ad,word-4 word-188 word-47 word-151 word-223,hjwe hwa u drin nyo_tsyi_ha,ɢʷ(r)aj ɢˤoj ʔˤa lrin na_tə_gˤaj,*ɢʷ(r)aj *[ɢ]ˤoj *[ʔ]ˤa *lri[n] *na_*tə_*[g]ˤaj？,「為 和 於 陳 如 之 何？」,,
136,OldChinese,𣌭 曰,答	曰,reply	say,,,,,136,,ad,word-157 word-14,top hjwot,tˤup ɢʷat,*[t]ˤ[u]p *[ɢ]ʷat：,答 曰：,,
137,OldChinese,車 ⿵門⿰夕刀 容 伍,車	間	容	伍,chariot	between	contain	group.of.five,,,,,137,,ad,word-244 word-245 word-246 word-247,tsyhae hean yowng nguX,t.qʰ(r)A kˤren ɢ(r)oŋ C.ŋˤaʔ,*[t.qʰ](r)A *kˤre[n] *[ɢ](r)oŋ *C.ŋˤaʔ，,「車 XVI 間 容 伍，,,
138,OldChinese,伍 ⿵門⿰夕刀 容 兵,伍	間	容	兵,group.of.five	between	contain	weapon,,,,,138,,ad,word-247 word-245 word-246 word-185,nguX hean yowng pjaeng,C.ŋˤaʔ kˤren ɢ(r)oŋ praŋ,*C.ŋˤaʔ *kˤre[n] *[ɢ](r)oŋ *praŋ，,伍 間 容 兵，,,
139,OldChinese,貴 位 砫 飤,貴	位	重	食,noble	place	give.weight.to	eat,,,,,139,,ad,word-211 word-248 word-249 word-138,kjw+jH hwijH drjowngH zyik,kuj-s ɢʷrəp-s t<r>oŋʔ-s lək,*kuj-s *[ɢ]ʷrəp-s *[m]-troŋ *mə-lək，,貴 位 重 食，,,
140,OldChinese,思 為 歬 行,使	為	前	行,let	be	front	march,,,,,140,,ad,word-250 word-4 word-251 word-252,sriH hjwe dzen haeng,rəʔ-s ɢʷ(r)aj dzˤen gˤaŋ,*səʔ  *ɢʷ(r)aj *[dz]ˤen,思 為 前 行。,,
141,OldChinese,厽 行 之 𨒥,三	行	之	後,three	line	conjunction	after,,,,,141,,ad,word-161 word-252 word-18 word-253,sam haeng tsyi huwX,s.rum gˤaŋ tə ɢˤ(r)oʔ,*s.rum *[g]ˤaŋ *tə *[ɢ]ˤ(r)oʔ，,三 行 之 後，,,
142,OldChinese,句 見 耑 兵,茍	見	短	兵,must	see	short	weapon,,,,,142,,ad,word-254 word-13 word-255 word-185,kik henH twanX pjaeng,kˤ(r)oʔ kˤen-s tˤorʔ praŋ,*[k]ˤ(r)oʔ  *N-[k]ˤen-s *tˤorʔ,茍 見 短 兵，,,
143,OldChinese,⿰十攴 五 之 ⿵門⿰夕刀,十	五	之間,ten	five	between,,,,,143,,ad,word-256 word-27 word-164,dzyip nguX tsyi hean_kean_kean,t.gəp C.ŋˤaʔ tə_N-ˤren,*t.[g]əp *C.ŋˤaʔ *tə_*kˤre[n]，,十 五 之 間，,,
144,OldChinese,必 又 公孫 公子,必	有	公孫	公子,must	have	nephew.of.a.duke	son.of.a.duke,,,,,144,,ad,word-72 word-32 word-234 word-235,pjit hjuwX kuwng_swon kuwng_tsiX,pit ɢʷəʔ C.qˤoŋ_sˤun C.qˤoŋ_tsəʔ,*pi[t] *[ɢ]ʷəʔ *C.qˤoŋ_*[s]ˤu[n]， *C.qˤoŋ_*[ts]əʔ，,"必 有 公 孫,  公 子，",,
145,OldChinese,是 胃 軍 紀,是	謂	軍	紀,this	call	military	discipline,,,,,145,,ad,word-78 word-257 word-224 word-258,dzyeX hjw+jH kjun kiX,deʔ ɢʷət-s kʷər k(r)əʔ,*[d]eʔ *[ɢ]ʷə[t]-s *[k]ʷər *k(r)əʔ.,是 謂 軍 紀。,,
146,OldChinese,五 人 以 敔,五	人	以	伍,five	person	preposition	make.a.group.of.five,,,,,146,,ad,word-27 word-88 word-68 word-247,nguX nyin yiX nguX,C.ŋˤaʔ niŋ ləʔ C.ŋˤaʔ,*C.ŋˤaʔ *ni[ŋ] *ləʔ *C.ŋˤaʔ，,五 人 以 伍，,,
147,OldChinese,一 人 又 多,一	人	有	多,one	person	have	merit,,,,,147,,ad,word-259 word-88 word-32 word-260,jit nyin hjuwX ta,ʔit niŋ ɢʷəʔ t.lˤaj,*ʔi[t] *ni[ŋ] *[ɢ]ʷəʔ *[t.l]ˤaj，,XVII一 人 有 多，,,
148,OldChinese,四 人 皆 賞,四	人	皆	賞,four	person	all	admire,,,,,148,,ad,word-261 word-88 word-262 word-206,sijH nyin keaj syangX,s.lij-s niŋ kˤrij taŋʔ,*s.li[j]-s *ni[ŋ] *kˤrij *s-taŋʔ，,四 人 皆 賞，,,
149,OldChinese,所 以 為 ⿰叀刀,所	以	為	團,nominalization.marker	preposition	be	group,,,,,149,,ad,word-171 word-68 word-4 word-263,srjoX yiX hjwe dwan,qʰaʔ ləʔ ɢʷ(r)aj C.dˤon,*s-qʰaʔ *ləʔ *ɢʷ(r)aj *tˤur.,所 以 為 敦。,,
150,OldChinese,毋 𬅸 ⿰丹隻 而 𬅸 䎽 命,毋	尚	獲	而	尚	聞	命,negative.adverb	admire	gain	conjunction	admire	hear	order,,,,,150,,ad,word-90 word-264 word-265 word-38 word-264 word-93 word-113,mju dzyangH hweak nyi dzyangH mjun mjaengH,mo daŋ-s qʷˤrak nə daŋ-s mun riŋ-s,*mo *[d]aŋ-s *m-qʷˤrak *nə *[d]aŋ-s *mu[n] *m-riŋ-s，,毋 尚 獲 而 尚 聞 命，,,
151,OldChinese,所 以 為 毋 退,所	以	為	毋	退,nominalization.marker	preposition	be	not.have	retire,,,,,151,,ad,word-171 word-68 word-4 word-90 word-266,srjoX yiX hjwe mju thwojH,qʰaʔ ləʔ ɢʷ(r)aj mo n̥ˤup-s,*s-qʰaʔ *ləʔ *ɢʷ(r) *mo *n̥ˤ[u]p-s，,"所 以 為 毋 退,",,
152,OldChinese,⿺辶⿷匚羊 車 以 車,將	車	以	車,conduct	chariot	preposition	chariot,,,,,152,,ad,word-3 word-244 word-68 word-244,tsjang tsyhae yiX tsyhae,tsaŋ t.qʰ(r)A ləʔ t.qʰ(r)A,*[ts]aŋ *[t.qʰ](r)A *ləʔ *[t.qʰ](r)A，,將 車 以 車，,,
153,OldChinese,𰳭 徒 以 徒,率	徒	以	徒,lead	infantry	preposition	infantry,,,,,153,,ad,word-226 word-267 word-68 word-267,lwit du yiX du,rut dˤa ləʔ dˤa,*s-rut-s *[d]ˤa *ləʔ *[d]ˤa，,率 徒 以 徒，,,
154,OldChinese,所 以 同 死 於 民,所	以	同	死	於	民,nominalization.marker	preposition	together	die	preposition	people,,,,,154,,ad,word-171 word-68 word-213 word-268 word-47 word-34,srjoX yiX duwng sijX u mjin,qʰaʔ ləʔ lˤoŋ sijʔ ʔˤa miŋ,*s-qʰaʔ *ləʔ *lˤoŋ *sijʔ *[ʔ]ˤa *mi[ŋ].,所 以 同 死 於 民。,,
155,OldChinese,⿵戕口 公 曰,莊公	曰,duke.Zhuang.(personal.name)	say,,,,,155,,ad,word-2 word-14,tsrjang_kuwng hjwot,tsraŋ_C.qˤoŋ ɢʷat,*[ts]raŋ_*C.qˤoŋ *[ɢ]ʷat:,莊 公 曰:,,
156,OldChinese,此 三 者 足以 𡃣 𰲛,此	三	者	足以	戰	乎,this	three	nominalization.marker	sufficient	war	modal.particle,,,,,156,,ad,word-54 word-161 word-193 word-269 word-150 word-198,tshjeX sam tsyaeX tsjuH_yiX tsyenH hu,tsʰe(j)ʔ s.rum tAʔ tsok-s_ləʔ tar-s ɢˤa,*[tsʰ]e(j)ʔ *s.rum *tAʔ *[ts]ok-s_*ləʔ *tar-s *ɢˤa？,「此 三 者 足 以 XVIII 戰 乎？」,,
157,OldChinese,𣌭 曰,答	曰,reply	say,,,,,157,,ad,word-157 word-14,top hjwot,tˤup ɢʷat,*[t]ˤ[u]p *[ɢ]ʷat：,答 曰：,,
158,OldChinese,戒 ⿱亠舛⿳几力 ⿺怠⿹𠃌一,戒	勝	怠,warn	win	laziness,,,,,158,,ad,word-60 word-73 word-270,keajH sying dojX,kˤrək-s l̥əŋ lˤəʔ,*kˤrək-s *l̥əŋ *lˤəʔ，,「戒 勝 怠，,,
159,OldChinese,果 ⿱亠舛⿳几力 ⿱矣心,果	勝	疑,solve	win	doubt,,,,,159,,ad,word-271 word-73 word-272,kwaX sying ngi,kˤorʔ l̥əŋ ŋ(r)ə,*[k]ˤo[r]ʔ *l̥əŋ *[ŋ](r)ə，,果 勝 疑，,,
160,OldChinese,⿰見辛 𰳭 ⿱亠舛⿳几力 ⿳⺊日又,親	率	勝	使,personally	lead	win	envoy,,,,,160,,ad,word-273 word-226 word-73 word-250,tshin lwit sying sriH,tsʰin rut l̥əŋ rəʔ-s,*[tsʰ]i[n] *s-rut-s *l̥əŋ *s-rəʔ,"親 率 勝 使 人,",,
161,OldChinese,不 ⿰見辛 則 不 ⿰叀刀 也,不	親	則	不	團	也,negative.adverb	personally	conjunction	negative.adverb	group	modal.particle,,,,,161,,ad,word-33 word-273 word-96 word-33 word-263 word-20,pjuw tshin tsok pjuw dwan yaeX,pə tsʰin tsˤək pə C.dˤon lAjʔ,*pə *[tsʰ]i[n] *[ts]ˤək *pə *tˤur *lAjʔ，,不 親 則 不 敦 也，,,
162,OldChinese,不 和 則 不 咠,不	和	則	不	輯,negative.adverb	harmony	conjunction	negative.adverb	concord,,,,,162,,ad,word-33 word-188 word-96 word-33 word-274,pjuw hwa tsok pjuw dzip,pə ɢˤoj tsˤək pə dzup,*pə *[ɢ]ˤoj *[ts]ˤək *pə *[dz][u]p，,不 和 則 不 輯，,,
163,OldChinese,不 義 則 不 備,不	義	則	不	服,negative.adverb	righteous	negative.adverb	negative.adverb	obey,,,,,163,,ad,word-33 word-275 word-96 word-33 word-276,pjuw ngjeH tsok pjuw bjuwk,pə ŋ(r)aj-s tsˤək pə bək,*pə *ŋ(r)aj-s *[ts]ˤək *pə *[b]ək.,不 義 則 不 服。」,,
164,OldChinese,⿵戕口 公 或 䎽,莊公	又	問,duke.Zhuang.(personal.name)	conjunction	ask,,,,,164,,ad,word-2 word-243 word-146,tsrjang_kuwng hjuwH mjunH,tsraŋ_C.qˤoŋ ɢʷəʔ-s C.mun-s,*[ts]raŋ_*C.qˤoŋ *[ɢ]ʷəʔ-s *C.mu[n]-s：,莊 公 又 問：,,
165,OldChinese,為 ⿱木辛⿰斤⿱心 女可,為	親	如何,be	parent	how,,,,,165,,ad,word-4 word-273 word-199,hjwe tshin nyo_ha,ɢʷ(r)aj tsʰin na_gˤaj,*ɢʷ(r)aj *[tsʰ]i[n] *na_*[g]ˤaj?,「為 親 如 何? 」,,
166,OldChinese,𣌭 曰,答	曰,reply	say,,,,,166,,ad,word-157 word-14,top hjwot,tˤup ɢʷat,*[t]ˤ[u]p *[ɢ]ʷat：,答 曰：,,
167,OldChinese,君 毋 嘼 自 𬡤,君	毋	憚	自	勞,her.majesty	negative.adverb	fear	reflexive.pronoun	work,,,,,167,,ad,word-40 word-90 word-277 word-225 word-278,kjun mju danH dzijH law,C.qur mo dˤar-s s.bit-s rˤaw,*C.qur *mo *dˤar-s *s.[b]i[t]-s *[r]ˤaw，,「XIX君 毋 憚 自 勞，,,
168,OldChinese,以 ⿳亼吅隹⿰見⿰阝 𬅸 下 之 情 為,以	觀	上	下	之	情	偽,conjunction	see	superior	inferior	conjunction	emotion	false,,,,,168,,ad,word-68 word-279 word-280 word-281 word-18 word-282 word-283,yiX kwan dzyangH haeH tsyi dzjeng ngjweH,ləʔ C.qʷˤar daŋʔ-s gˤraʔ-s tə dzeŋ ɢʷ(r)aj-s,*ləʔ *C.qʷˤar *daŋʔ-s *m-gˤraʔ-s *tə *[dz]eŋ *N-ɢʷ(r)aj-s；,以 觀 上 下 之 情 偽；,,
169,OldChinese,佖夫 寡婦 之 獄訟 君 必 身 聖 之,匹夫	寡婦	之	獄訟	君	必	身	聽	之,common.man	widow	conjunction	process	her.majesty	must	personally	listen	anaphoric.substitute.of.the.object,,,,,169,,ad,word-284 word-285 word-18 word-286 word-40 word-72 word-121 word-129 word-18,phjit bju_bju_pju kwaeX_bjuwX tsyi ngjowk_zjowngH kjun pjit syin theng tsyi,pʰit_ba C.kʷˤraʔ_mə.bəʔ tə ŋrok_s.ɢoŋ-s C.qur pit n̥iŋ l̥ˤeŋ tə,*pʰi[t]_*p(r)a *[C.k]ʷˤraʔ_*mə.bəʔ *tə *[ŋ]rok_*s.[ɢ]oŋ-s， *C.qur *pi[t] *n̥i[ŋ] *l̥ˤeŋ *tə.,"匹 夫 寡 婦 之 獄 訟,  君 必 身 聽 之。",,
170,OldChinese,又 智 不 足,又	知	不	足,conjunction	know	negative.adverb	sufficient,,,,,170,,ad,word-243 word-82 word-33 word-287,hjuwH trje pjuw tsjuH,ɢʷəʔ-s tre pə tsok-s,*[ɢ]ʷəʔ-s *tre *pə *[ts]ok-s，,又 知 不 足，,,
171,OldChinese,亡 所 不 中,無	所	不	中,not.have	nominalization.marker	negative.adverb	moderation,,,,,171,,ad,word-31 word-171 word-33 word-288,mju srjoX pjuw trjuwng,ma qʰaʔ pə truŋ,*ma *s-qʰaʔ *pə *truŋ，,無 所 不 中，,,
172,OldChinese,則 民 ⿱木辛⿰斤⿱心 之,則	民	親	之,conjunction	people	parent	anaphoric.substitute.of.the.object,,,,,172,,ad,word-96 word-34 word-273 word-18,tsok mjin tshin tsyi,tsˤək miŋ tsʰin tə,*[ts]ˤək *mi[ŋ] *[tsʰ]i[n] *tə.,則 民 親 之。」,,
173,OldChinese,⿵戕口 公 或 䎽,莊公	又	問,duke.Zhuang.(personal.name)	conjunction	ask,,,,,173,,ad,word-2 word-243 word-146,tsrjang_kuwng hjuwH mjunH,tsraŋ_C.qˤoŋ ɢʷəʔ-s C.mun-s,*[ts]raŋ_*C.qˤoŋ *[ɢ]ʷəʔ-s *C.mu[n]-s：,莊 公 又 問：,,
174,OldChinese,為 和 女可,為	和	如何,be	harmony	how,,,,,174,,ad,word-4 word-188 word-199,hjwe hwa nyo_ha,ɢʷ(r)aj ɢˤoj na_gˤaj,*[ɢʷ(r)aj *[ɢ]ˤoj *na_*[g]ˤaj？,「XX【為 和 如 何？」,,
175,OldChinese,𣌭 曰,答	曰,reply	say,,,,,175,,ad,word-157 word-14,top hjwot,tˤup ɢʷat,*[t]ˤ[u]p *[ɢ]ʷat：,答 曰：,,
176,OldChinese,毋 辟 於 ⿺辶𰆴 ⿺辶卑,毋	嬖	於	便	嬖,negative.adverb	favour	preposition	relatives	favourite,,,,,176,,ad,word-90 word-230 word-47 word-289 word-230,mju pejH u bjien pejH,mo pˤek-s ʔˤa ben pˤek-s,*mo] *pˤek-s *[ʔ]ˤa *[b]e[n] *pˤek-s，,「毋】 嬖 於 便 嬖，,,
177,OldChinese,毋 倘 於 ⿰兄㞷,毋	黨	於	兄,negative.adverb	be.partial	preposition	elder.brother,,,,,177,,ad,word-90 word-290 word-47 word-291,mju tangX u xjwaeng,mo tˤaŋʔ ʔˤa m̥raŋ,*mo *Cə-[N]-traŋ *[ʔ]ˤa *m̥raŋ，,毋 長 於 兄，,,
178,OldChinese,賞 ⿱昀土 聖 中,賞	均	聽	中,admire	even	listen	moderation,,,,,178,,ad,word-206 word-292 word-129 word-288,syangX kjwin theng trjuwng,taŋʔ C.qʷin l̥ˤeŋ truŋ,*s-taŋʔ *C.qʷi[n] *l̥ˤeŋ *truŋ，,賞 均 聽 中，,,
179,OldChinese,則 民 和 之,則	民	和	之,conjunction	people	harmony	anaphoric.substitute.of.the.object,,,,,179,,ad,word-96 word-34 word-188 word-18,tsok mjin hwa tsyi,tsˤək miŋ ɢˤoj tə,*[ts]ˤək *mi[ŋ] *[ɢ]ˤoj *tə.,則 民 和 之。,,
180,OldChinese,或 䎽,又	問,conjunction	ask,,,,,180,,ad,word-243 word-146,hjuwH mjunH,ɢʷəʔ-s C.mun-s,*[ɢ]ʷəʔ-s *C.mu[n]-s：,又 問：,,
181,OldChinese,為 義 女之可,為	義	如之何,be	righteous	how,,,,,181,,ad,word-4 word-275 word-223,hjwe ngjeH nyo_tsyi_ha,ɢʷ(r)aj ŋ(r)aj-s na_tə_gˤaj,*ɢʷ(r)aj *ŋ(r)aj-s *na_*tə_*[g]ˤaj？,「為 義 如 之 何？」,,
182,OldChinese,𣌭 曰,答	曰,reply	say,,,,,182,,ad,word-157 word-14,top hjwot,tˤup ɢʷat,*[t]ˤ[u]p *[ɢ]ʷat：,答 曰：,,
183,OldChinese,⿰糹⿱屮畕 ⿰示工 上 ⿰臣⿱口又,陳	功	尚	賢,explain	merit	admire	sage,,,,,183,,ad,word-151 word-64 word-264 word-118,drin kuwng dzyangH hen,lrin kˤoŋ daŋ-s gˤin,*lri[n] *kˤoŋ *[d]aŋ-s *[g]ˤi[n].,「陳 功 尚 賢。,,
184,OldChinese,能 ⿲糸台⿹𠃌一 百 人,能	治	百	人,can	govern	thousand	person,,,,,184,,ad,word-85 word-75 word-24 word-88,noj dri paek nyin,nˤə C.lrə pˤrak niŋ,*nˤə *C.lrə *pˤrak *ni[ŋ]，,能 治XXI 百 人，,,
185,OldChinese,囟 倀 百 人,使	長	百	人,let	conduct	thousand	person,,,,,185,,ad,word-250 word-187 word-24 word-88,sriH drjang paek nyin,rəʔ-s Cə-N-traŋ pˤrak niŋ,*s-rəʔ-s *Cə-[N]-traŋ *pˤrak *ni[ŋ]；,使 長 百 人；,,
186,OldChinese,能 ⿲糸台⿹𠃌一 三 軍,能	治	三	軍,can	govern	three	army,,,,,186,,ad,word-85 word-75 word-161 word-224,noj dri sam kjun,nˤə C.lrə s.rum kʷər,*nˤə *C.lrə *s.rum *[k]ʷər，,能 治 三 軍，,,
187,OldChinese,囟 𰳭,使	率,let	lead,,,,,187,,ad,word-250 word-226,sriH lwit,rəʔ-s rut,*s-rəʔ *s-rut-s.,使 率。,,
188,OldChinese,受,授,teach,,,,,188,,ad,word-293,dzyuwH,duʔ-s,*[d]uʔ-s,授,,
189,OldChinese,又 智,有	智,have	knowledge,,,,,189,,ad,word-32 word-294,hjuwX trjeH,ɢʷəʔ tre-s,*[ɢ]ʷəʔ *tre-s，,有 智，,,
190,OldChinese,𱒱 又 能,予	有	能,grant.to	have	ability,,,,,190,,ad,word-295 word-32 word-85,yo hjuwX noj,laʔ ɢʷəʔ nˤə,*laʔ *[ɢ]ʷəʔ *nˤə，,予 有 能，,,
191,OldChinese,則 民 宜 之,則	民	義	之,conjunction	people	righteous	anaphoric.substitute.of.the.object,,,,,191,,ad,word-96 word-34 word-275 word-18,tsok mjin ngjeH tsyi,tsˤək miŋ ŋ(r)aj-s tə,*[ts]ˤək *mi[ŋ] *ŋ(r)aj *tə.,則 民 義 之。,,
192,OldChinese,⿰虘又 臣 䎽 之,且	臣	聞	之,conjunction	minister	hear	cataphoric.substitute.of.the.object,,,,,192,,ad,word-163 word-92 word-93 word-18,tsjo dzyin mjun tsyi,tsa giŋ mun tə,*tsa *[g]i[ŋ] *mu[n] *tə：,且 臣 聞 之：,,
193,OldChinese,⿰力𰠄 又 倀,卒	有	長,servant	have	superior,,,,,193,,ad,word-296 word-32 word-187,tswit hjuwX drjang,tsˤut ɢʷəʔ Cə-N-traŋ,*[ts]ˤut *[ɢ]ʷəʔ *Cə-[N]-traŋ，,卒 有 長，,,
194,OldChinese,三 軍 又 𰳭,三	軍	有	帥,three	army	have	leader,,,,,194,,ad,word-161 word-224 word-32 word-297,sam kjun hjuwX srwijH,s.rum kʷər ɢʷəʔ rut-s,*s.rum *[k]ʷər *[ɢ]ʷəʔ *s-rut-s，,三 軍 有 帥，,,
195,OldChinese,邦 又 君,邦	有	君,state	have	sovereign,,,,,195,,ad,word-76 word-32 word-40,paewng hjuwX kjun,pˤroŋ ɢʷəʔ C.qur,*pˤroŋ *[ɢ]ʷəʔ *C.qur，,邦 有 君，,,
196,OldChinese,此 三 者 所 以 𡃣 也,此	三	者	所	以	戰	也,this	three	nominalization.marker	nominalization.marker	preposition	war	modal.particle,,,,,196,,ad,word-54 word-161 word-193 word-171 word-68 word-150 word-20,tshjeX sam tsyaeX srjoX yiX tsyenH yaeX,tsʰe(j)ʔ s.rum tAʔ qʰaʔ ləʔ tar-s lAjʔ,*[tsʰ]e(j)ʔ *s.rum *tAʔ， *s-qʰaʔ *ləʔ *tar-s *lAjʔ.,此 三 者， 所 以 XXII 戰 也。,,
197,OldChinese,是古 長 不 可 不 ⿱十言⿰斤 也,是故	長	不	可	不	慎	也,conjunction	superior	negative.adverb	can	negative.adverb	be.careful	modal.particle,,,,,197,,ad,word-191 word-187 word-33 word-81 word-33 word-298 word-20,dzyeX_kuH drjang pjuw khaX pjuw dzyinH yaeX,deʔ_kˤa(ʔ)-s Cə-N-traŋ pə kʰˤajʔ pə din-s lAjʔ,*[d]eʔ_*kˤa(ʔ)-s *Cə-[N]-traŋ *pə *[k]ʰˤa[j]ʔ *pə *[d]i[n]-s *lAjʔ.,是 故 長 不 可 不 慎 也。,,
198,OldChinese,不 ⿰力𰠄 則 不 ⿺辶𠄨,不	卒	則	不	恆,negative.adverb	end	conjunction	negative.adverb	eternal,,,,,198,,ad,word-33 word-296 word-96 word-33 word-299,pjuw tswit tsok pjuw hong,pə tsˤut tsˤək pə gˤəŋ,*pə *[ts]ˤut *[ts]ˤək *pə *[g]ˤəŋ，,不 卒 則 不 恆，,,
199,OldChinese,不 和 則 不 咠,不	和	則	不	輯,negative.adverb	harmony	conjunction	negative.adverb	concord,,,,,199,,ad,word-33 word-188 word-96 word-33 word-274,pjuw hwa tsok pjuw dzip,pə ɢˤoj tsˤək pə dzup,*pə *[ɢ]ˤoj *[ts]ˤək *pə *[dz][u]p，,不 和 則 不 輯，,,
200,OldChinese,不 兼 畏 則 不 ⿱亠舛⿳几力,不	嚴	威	則	不	勝,negative.adverb	imposing	authoritative	conjunction	negative.adverb	win,,,,,200,,ad,word-33 word-300 word-301 word-96 word-33 word-73,pjuw ngjaem jw+j tsok pjuw sying,pə ŋ(r)am ʔuj tsˤək pə l̥əŋ,*pə *ŋ(r)am *ʔuj *[ts]ˤək *pə *l̥əŋ.,不 嚴 威 則 不 勝。,,
201,OldChinese,𰠄 欲 少 以 多,卒	欲	少	氣	多,soldier	desire	few	energy	a.lot,,,,,201,,ad,word-296 word-147 word-302 word-303 word-260,tswit yowk syewX khj+jH ta,tsˤut ɢ(r)ok s.tewʔ C.qʰəp-s t.lˤaj,*[ts]ˤut *ɢ(r)ok *[s.t]ewʔ *C.qʰəp-s *[t.l]ˤaj.,卒 欲 少 氣 多。,,
202,OldChinese,少 則 惕 ⿰言⿱山乂,少	則	易	察,few	conjunction	easy	control,,,,,202,,ad,word-302 word-96 word-304 word-305,syewX tsok yek tsrheat,s.tewʔ tsˤək lek tsʰˤret,*[s.t]ewʔ *[ts]ˤək *lek *[tsʰ]ˤret，,少 則 易 察，,,
203,OldChinese,𡉛 成 則 惕 𣌭,氣	盛	則	易	合,energy	abundant	conjunction	easy	unite,,,,,203,,ad,word-303 word-306 word-96 word-304 word-241,khj+jH dzyengH tsok yek hop,C.qʰəp-s deŋ-s tsˤək lek kˤop,*C.qʰəp-s *[d]eŋ-s *[ts]ˤək *lek-s *m-kˤop.,氣 盛 則 易 合。,,
204,OldChinese,是古 𰳭 不 可 囟 牪,是故	帥	不	可	使	倦,conjunction	leader	negative.adverb	can	let	tired,,,,,204,,ad,word-191 word-297 word-33 word-81 word-250 word-307,dzyeX_kuH srwijH pjuw khaX sriH gjwenH,deʔ_kˤa(ʔ)-s rut-s pə kʰˤajʔ rəʔ-s gron-s,*[d]eʔ_*kˤa(ʔ)-s *s-rut-s *pə *[k]ʰˤa[j]ʔ *s-rəʔ *gron-s，,XXIII是 故 帥 不 可 使 倦，,,
205,OldChinese,牪 則 不 行,倦	則	不	行,tired	conjunction	negative.adverb	march,,,,,205,,ad,word-307 word-96 word-33 word-252,gjwenH tsok pjuw haeng,gron-s tsˤək pə gˤaŋ,*gron-s *[ts]ˤək *pə *Cə.[g]ˤraŋ.,倦 則 不 行。,,
206,OldChinese,𡃣 又 㬎 道,戰	有	顯	道,war	have	apparent	way,,,,,206,,ad,word-150 word-32 word-125 word-104,tsyenH hjuwX xenX dawX,tar-s ɢʷəʔ qʰˤenʔ kə.lˤuʔ,*tar-s *[ɢ]ʷəʔ *qʰˤenʔ *[kə.l]ˤuʔ，,戰 有 顯 道，,,
207,OldChinese,勿 兵 以 克,勿	兵	以	克,negative.adverb	weapon	preposition	conquest,,,,,207,,ad,word-308 word-185 word-68 word-160,mjut pjaeng yiX khok,mut praŋ ləʔ kʰˤək,*mut *praŋ *ləʔ *kʰˤək.,勿 兵 以 克。」,,
208,OldChinese,⿵戕口 公 曰,莊公	曰,duke.Zhuang.(personal.name)	say,,,,,208,,ad,word-2 word-14,tsrjang_kuwng hjwot,tsraŋ_C.qˤoŋ ɢʷat,*[ts]raŋ_*C.qˤoŋ *[ɢ]ʷat：,莊 公 曰：,,
209,OldChinese,勿 兵 以 克 ⿳爫人系 女,勿	兵	以	克	奚如,negative.adverb	weapon	preposition	conquest	how,,,,,209,,ad,word-308 word-185 word-68 word-160 word-309,mjut pjaeng yiX khok hej_nyo,mut praŋ ləʔ kʰˤək gˤe_na,*mut *praŋ *ləʔ *kʰˤək *[g]ˤe_*na？,「勿 兵 以 克 奚 如？」,,
210,OldChinese,𣌭 曰,答	曰,reply	say,,,,,210,,ad,word-157 word-14,top hjwot,tˤup ɢʷat,*[t]ˤ[u]p *[ɢ]ʷat：,答 曰：,,
211,OldChinese,人 之 兵 不 砥萬,人	之	兵	不	砥礪,other	conjunction	weapon	negative.adverb	whetstone,,,,,211,,ad,word-88 word-18 word-185 word-33 word-310,nyin tsyi pjaeng pjuw tsyijX_(tsyeX)_ljejH,niŋ tə praŋ pə tijʔ_rat-s,"*ni[ŋ] *tə *praŋ *pə *tijʔ_*[r]at-s,","「人 之 兵 不 砥 礪,",,
212,OldChinese,我 兵 必 砥萬,我	兵	必	砥礪,I	weapon	must	whetstone,,,,,212,,ad,word-311 word-185 word-72 word-310,ngaX pjaeng pjit tsyijX_(tsyeX)_ljejH,ŋˤajʔ praŋ pit tijʔ_rat-s,*ŋˤajʔ *praŋ *pi[t] *tijʔ_*[r]at-s.,我 兵 必 XXIV 砥 礪。,,
213,OldChinese,人 之 ⿸虍羍 不 ⿰臣⿱口又,人	之	甲	不	堅,other	conjunction	weapon	negative.adverb	hard,,,,,213,,ad,word-88 word-18 word-183 word-33 word-312,nyin tsyi kaep pjuw ken,niŋ tə kˤrap pə kˤiŋ,*ni[ŋ] *tə *[k]ˤr[a]p *pə *kˤi[ŋ]，,人 之 甲 不 堅，,,
214,OldChinese,我 ⿸虍羍 必 ⿰臣⿱口又,我	甲	必	堅,I	weapon	must	hard,,,,,214,,ad,word-311 word-183 word-72 word-312,ngaX kaep pjit ken,ŋˤajʔ kˤrap pit kˤiŋ,*ŋˤajʔ *[k]ˤr[a]p *pi[t] *kˤi[ŋ].,我 甲 必 堅。,,
215,OldChinese,人 𠧫 士,人	使	士,other	send	dignitary,,,,,215,,ad,word-88 word-250 word-313,nyin sriH dzriX,niŋ rəʔ-s s-rəʔ,*ni[ŋ] *s-rəʔ *[m-s-]rəʔ，,人 使 士，,,
216,OldChinese,我 事 大夫,我	使	大夫,I	send	grandee,,,,,216,,ad,word-311 word-250 word-231,ngaX sriH dajH_bju,ŋˤajʔ rəʔ-s lˤat-s_ba,*ŋˤajʔ *s-rəʔ *lˤa[t]-s_*p(r)a.,我 使 大 夫。,,
217,OldChinese,人 事 大夫,人	使	大夫,other	send	grandee,,,,,217,,ad,word-88 word-250 word-231,nyin sriH dajH_bju,niŋ rəʔ-s lˤat-s_ba,*ni[ŋ] *s-rəʔ *lˤa[t]-s_*p(r)a，,人 使 大 夫，,,
218,OldChinese,我 事 𨟻 軍,我	使	將軍,I	send	general,,,,,218,,ad,word-311 word-250 word-228,ngaX sriH tsjang_kjun,ŋˤajʔ rəʔ-s tsaŋ_kʷər,*ŋˤajʔ *s-rəʔ *[ts]aŋ_*[k]ʷər.,我 使 將 軍。,,
219,OldChinese,人 事 𨟻 軍,人	使	將軍,other	send	general,,,,,219,,ad,word-88 word-250 word-228,nyin sriH tsjang_kjun,niŋ rəʔ-s tsaŋ_kʷər,*ni[ŋ] *s-rəʔ *[ts]aŋ_*[k]ʷər，,人 使 將 軍，,,
220,OldChinese,我 君 身 進,我	君	身	進,I	sovereign	personally	advance,,,,,220,,ad,word-311 word-40 word-121 word-314,ngaX kjun syin tsinH,ŋˤajʔ C.qur n̥iŋ tsin-s,*ŋˤajʔ *C.qur *n̥i[ŋ] *[ts][i][n]-s.,我 君 身 進。,,
221,OldChinese,此 𡃣 之 㬎 道 也,此	戰	之	顯	道	也,this	war	conjunction	apparent	way	modal.particle,,,,,221,,ad,word-54 word-150 word-18 word-125 word-104 word-20,tshjeX tsyenH tsyi xenX dawX yaeX,tsʰe(j)ʔ tar-s tə qʰˤenʔ kə.lˤuʔ lAjʔ,*[tsʰ]e(j)ʔ *tar-s *tə *qʰˤenʔ *[kə.l]ˤuʔ *lAjʔ.,此 戰 之 顯 道 也。」,,
222,OldChinese,⿵戕口 公 曰,莊公	曰,duke.Zhuang.(personal.name)	say,,,,,222,,ad,word-2 word-14,tsrjang_kuwng hjwot,tsraŋ_C.qˤoŋ ɢʷat,*[ts]raŋ_*C.qˤoŋ *[ɢ]ʷat：,莊 公 曰：,,
223,OldChinese,既 成 ⿱爻言 矣,既	成	教	矣,already	complete	teaching	modal.particle,,,,,223,,ad,word-8 word-9 word-194 word-10,kj+jH dzyeng kaewH hiX,kət-s deŋ s.kˤraw-s qəʔ,*[k]ə[t]-s *m-[d]eŋ *s.kˤraw-s *qəʔ,「既 XXV 成 教 矣，,,
224,OldChinese,出 帀 又 幾 𰲛,出	師	有	機	乎,exit	troop	have	crucial.moment	modal.particle,,,,,224,,ad,word-189 word-233 word-32 word-315 word-198,tsyhwijH srij hjuwX kj+j hu,kʰut-s srij ɢʷəʔ kəj ɢˤa,*t-kʰut-s *srij *[ɢ]ʷəʔ *kəj *ɢˤa?,出 師 有 機 乎?」,,
225,OldChinese,𣌭 曰,答	曰,reply	say,,,,,225,,ad,word-157 word-14,top hjwot,tˤup ɢʷat,*[t]ˤ[u]p *[ɢ]ʷat：,答 曰：,,
226,OldChinese,又,有,have,,,,,226,,ad,word-32,hjuwX,ɢʷəʔ,*[ɢ]ʷəʔ.,「有。,,
227,OldChinese,臣 䎽 之,臣	聞	之,minister	hear	cataphoric.substitute.of.the.object,,,,,227,,ad,word-92 word-93 word-18,dzyin mjun tsyi,giŋ mun tə,*[g]i[ŋ] *mu[n] *tə：,臣 聞 之：,,
228,OldChinese,三 軍 出,三	軍	出,three	army	exit,,,,,228,,ad,word-161 word-224 word-189,sam kjun tsyhwijH,s.rum kʷər kʰut-s,*s.rum *[k]ʷər *t-kʰut-s，,三 軍 出，,,
229,OldChinese,亓 ⿺辶⿷匚羊 ⿺辶卑,其	將	卑,possessive.pronoun	conduct	low.rang,,,,,229,,ad,word-41 word-3 word-316,gi tsjang pjie,gə tsaŋ pe,*gə *[ts]aŋ *pe，,其 將 卑，,,
230,OldChinese,父 ⿰兄㞷 不 廌,父	兄	不	存,father	elder.brother	negative.adverb	be.present,,,,,230,,ad,word-221 word-291 word-33 word-79,pjuX xjwaeng pjuw dzwon,p(r)aʔ m̥raŋ pə dzˤən,*p(r)aʔ *m̥raŋ *pə *[dz]ˤə[n]，,父 兄 不 存，,,
231,OldChinese,䌛 邦 ⿺馭午 之,由	邦	御	之,preposition	state	conduct	anaphoric.subtitute.of.the.object,,,,,231,,ad,word-196 word-76 word-317 word-18,yuw paewng ngjoX tsyi,lu pˤroŋ qʰ(r)aʔ tə,*l[u] *pˤroŋ *m-qʰ(r)aʔ *tə，,由 邦 御 之，,,
232,OldChinese,此 出 帀 之 幾 也,此	出	師	之	機	也,this	exit	troop	conjunction	crucial.moment	modal.particle,,,,,232,,ad,word-54 word-189 word-233 word-18 word-315 word-20,tshjeX tsyhwijH srij tsyi kj+j yaeX,tsʰe(j)ʔ kʰut-s srij tə kəj lAjʔ,*[tsʰ]e(j)ʔ *t-kʰut-s *srij *tə *kəj *lAjʔ.,此 出 師 之 機 也。,,
233,OldChinese,⿵戕口 公 或 䎽 曰,莊公	又	問	曰,duke.Zhuang.(personal.name)	conjunction	ask	say,,,,,233,,ad,word-2 word-243 word-146 word-14,tsrjang_kuwng hjuwH mjunH hjwot,tsraŋ_C.qˤoŋ ɢʷəʔ-s C.mun-s ɢʷat,*[ts]raŋ_*C.qˤoŋ *[ɢ]ʷəʔ-s *C.mu[n]-s *[ɢ]ʷat：,莊 公 又 問 曰：,,
234,OldChinese,三 軍 漸 果 又 幾 𰲛,三	軍	漸	裹	有	機	乎,three	army	water.away	encircle	have	crucial.moment	modal.particle,,,,,234,,ad,word-161 word-224 word-318 word-319 word-32 word-315 word-198,sam kjun dzjemX kwaX hjuwX kj+j hu,s.rum kʷər dzamʔ s.kˤorʔ ɢʷəʔ kəj ɢˤa,*s.rum *[k]ʷər *[dz][o]m *s.[k]ˤo[r]ʔ *[ɢ]ʷəʔ *kəj *ɢˤa？,「三 軍 XXVI 潛 裹 有 機 乎？」,,
235,OldChinese,𣌭 曰,答	曰,reply	say,,,,,235,,ad,word-157 word-14,top hjwot,tˤup ɢʷat,*[t]ˤ[u]p *[ɢ]ʷat：,答 曰：,,
236,OldChinese,又,有,have,,,,,236,,ad,word-32,hjuwX,ɢʷəʔ,*[ɢ]ʷəʔ.,「有。,,
237,OldChinese,臣 䎽 之,臣	聞	之,minister	hear	cataphoric.substitute.of.the.object,,,,,237,,ad,word-92 word-93 word-18,dzyin mjun tsyi,giŋ mun tə,*[g]i[ŋ] *mu[n] *tə：,臣 聞 之：,,
238,OldChinese,三 軍 未 成 ⿰申戈,三	軍	未	成	陳,three	army	negative.adverb	complete	battle.array,,,,,238,,ad,word-161 word-224 word-320 word-9 word-151,sam kjun mj+jH dzyeng drin,s.rum kʷər mət-s deŋ lrin,*s.rum *[k]ʷər *m[ə]t-s *m-[d]eŋ *lri[n]，,三 軍 未 成 陳，,,
239,OldChinese,未 可以 出 ⿰谷象⿱土,未	可以	出	舍,negative.adverb	can	exit	barracks,,,,,239,,ad,word-320 word-74 word-189 word-190,mj+jH khaX_yiX tsyhwijH syaeH,mət-s kʰˤajʔ_ləʔ kʰut-s l̥Ak-s,"*m[ə]t-s *[k]ʰˤa[j]ʔ_*ləʔ *t-kʰut-s *[l̥]Ak-s,",未 可 以 出 舍，,,
240,OldChinese,行 ⿱反土 淒 ⿰章欠⿱土,行	阪	濟	塹,go.up	slope	cross	ditch,,,,,240,,ad,word-252 word-321 word-322 word-323,haeng pjonX tsejH tshjemH,gˤaŋ panʔ tsˤej(ʔ)-s s.qʰam-s,"*Cə.[g]ˤraŋ *pa[n]ʔ *[ts]ˤ[i]j(ʔ)-s *tsraŋ(-s),",行 阪 濟 障，,,
241,OldChinese,此 漸 果 之 幾 也,此	漸	裹	之	機	也,this	water.away	encircle	conjunction	crucial.moment	modal.particle,,,,,241,,ad,word-54 word-318 word-319 word-18 word-315 word-20,tshjeX dzjemX kwaX tsyi kj+j yaeX,tsʰe(j)ʔ dzamʔ s.kˤorʔ tə kəj lAjʔ,*[tsʰ]e(j)ʔ *[dz][o]m *s.[k]ˤo[r]ʔ *tə *kəj *lAjʔ.」,此 潛 裹 之 機 也。,,
242,OldChinese,⿵戕口 公 或 䎽 曰,莊公	又	問	曰,duke.Zhuang.(personal.name)	conjunction	ask	say,,,,,242,,ad,word-324 word-325 word-146 word-14,tsrjang kuwng mjunH hjwot,tsraŋ C.qˤoŋ C.mun-s ɢʷat,*[ts]raŋ *C.qˤoŋ *[ɢ]ʷəʔ-s *C.mu[n]-s,莊 公 又 問 曰：,,
243,OldChinese,𡃣 又 幾 𰲛,戰	有	機	乎,war	have	crucial.moment	modal.particle,,,,,243,,ad,word-150 word-32 word-315 word-198,tsyenH hjuwX kj+j hu,tar-s ɢʷəʔ kəj ɢˤa,*tar-s *[ɢ]ʷəʔ *kəj *ɢˤa?,「戰 有 機 乎? 」,,
244,OldChinese,𣌭 曰,答	曰,reply	say,,,,,244,,ad,word-157 word-14,top hjwot,tˤup ɢʷat,*[t]ˤ[u]p *[ɢ]ʷat:,答 曰：,,
245,OldChinese,又,有,have,,,,,245,,ad,word-32,hjuwX,ɢʷəʔ,*[ɢ]ʷəʔ.,「XXVII有。,,
246,OldChinese,亓 迲 之 不 ⿺辶⿰朱朱,其	去	之	不	速,nominalization.marker	depart	anaphoric.subtitute.of.the.object	negative.adverb	speed,,,,,246,,ad,word-41 word-326 word-18 word-33 word-327,gi khjoH tsyi pjuw suwk,gə kʰ(r)ap-s tə pə sˤok,*gə *[k]ʰ(r)ap-s *tə *pə *[s]ˤok，,其 去 之 不 速，,,
247,OldChinese,亓 ⿺辶⿱亯京 之 不 尃,其	就	之	不	迫,nominalization.marker	go	anaphoric.subtitute.of.the.object	negative.adverb	urge,,,,,247,,ad,word-41 word-122 word-18 word-33 word-328,gi dzjuwH tsyi pjuw paek,gə dzuk-s tə pə Cə.pˤrak,"*gə *[dz]u[k]-s *tə *pə *Cə.pˤrak,",其 就 之 不 迫，,,
248,OldChinese,亓 啟節 不 疾,其	啟節	不	疾,nominalization.marker	get.started	negative.adverb	urgent,,,,,248,,ad,word-41 word-329 word-33 word-330,gi khejX_tset pjuw dzit,gə kʰˤeʔ_tsˤik pə dzit,*gə *kʰˤeʔ/kʰˤijʔ_*tsˤik *pə *[dz]i[t]，,其 啟 節 不 疾，,,
249,OldChinese,此 𡃣 之 幾,此	戰	之	機,tihis	war	conjunction	crucial.moment,,,,,249,,ad,word-54 word-150 word-18 word-315,tshjeX tsyenH tsyi kj+j,tsʰe(j)ʔ tar-s tə kəj,*[tsʰ]e(j)ʔ *tar-s *tə *kəj.,此 戰 之 機。,,
250,OldChinese,是古 ⿱矣心 ⿰申戈 ⿱目貝⿰攴,是故	疑	陳	敗,conjunction	doubt	battle.array	defeat,,,,,250,,ad,word-191 word-272 word-151 word-331,dzyeX_kuH ngi drin baejH,deʔ_kˤa(ʔ)-s ŋ(r)ə lrin pˤrat-s,*[d]eʔ_*kˤa(ʔ)-s *[ŋ](r)ə *lri[n] *N-pˤra[t]-s，,是 故 疑 陳 敗，,,
251,OldChinese,⿱矣又 𡃣 死,疑	戰	死,doubt	war	die,,,,,251,,ad,word-272 word-150 word-268,ngi tsyenH sijX,ŋ(r)ə tar-s sijʔ,*[ŋ](r)ə *tar-s *sijʔ.,疑 戰 死。」,,
252,OldChinese,⿵戕口 公 或 䎽 曰,莊公	又	問	曰,duke.Zhuang.(personal.name)	conjunction	ask	say,,,,,252,,ad,word-2 word-243 word-146 word-14,tsrjang_kuwng hjuwH mjunH hjwot,tsraŋ_C.qˤoŋ ɢʷəʔ-s C.mun-s ɢʷat,*[ts]raŋ_*C.qˤoŋ *[ɢ]ʷəʔ-s *C.mu[n]-s *[ɢ]ʷat：,莊 公 又 問 曰：,,
253,OldChinese,既 𡃣 又 幾 𰲛,既	戰	有	機	乎,finish	war	have	crucial.moment	modal.particle,,,,,253,,ad,word-8 word-150 word-32 word-315 word-198,kj+jH tsyenH hjuwX kj+j hu,kət-s tar-s ɢʷəʔ kəj ɢˤa,*[k]ə[t]-s *tar-s *[ɢ]ʷəʔ *kəj *ɢˤa?,「既 戰 有 機 乎? 」,,
254,OldChinese,𣌭 曰,答	曰,reply	say,,,,,254,,ad,word-157 word-14,top hjwot,tˤup ɢʷat,*[t]ˤ[u]p *[ɢ]ʷat：,XXVIII答 曰：,,
255,OldChinese,又,有,have,,,,,255,,ad,word-32,hjuwX,ɢʷəʔ,*[ɢ]ʷəʔ.,「有。,,
256,OldChinese,亓 賞 誙 ⿰虘又 不 信,其	賞	輕	且	不	信,nominalization.marker	admire	light	conjunction	negative.adverb	trust,,,,,256,,ad,word-41 word-206 word-332 word-163 word-33 word-333,gi syangX khjieng tsjo pjuw sinH,gə taŋʔ kʰeŋ tsa pə niŋ-s,*gə *s-taŋʔ *[kʰ]eŋ *tsa *pə *s-ni[ŋ]-s，,其 賞 輕 且 不 信，,,
257,OldChinese,亓 ⿰貝豆 䝬 ⿰虘又 不 中,其	誅	重	且	不	中,nominalization.marker	condemn	heavy	conjunction	negative.adverb	moderation,,,,,257,,ad,word-41 word-334 word-335 word-163 word-33 word-288,gi trju drjowngX tsjo pjuw trjuwng,gə tro t<r>oŋʔ tsa pə truŋ,*gə *tro *[m]-troŋ *tsa *pə *truŋ.,其 誅 重 且 不 中。,,
258,OldChinese,死 者 弗 丩,死	者	弗	收,die	nominalization.marker	negative.adverb	receive,,,,,258,,ad,word-268 word-193 word-116 word-336,sijX tsyaeX pjut syuw,sijʔ tAʔ put kiw,*sijʔ *tAʔ *put *s-kiw，,死 者 弗 收，,,
259,OldChinese,㦹 者 弗 䎽,傷	者	弗	問,injure	nominalization.marker	negative.adverb	ask,,,,,259,,ad,word-337 word-193 word-116 word-146,syang tsyaeX pjut mjunH,l̥aŋ tAʔ put C.mun-s,*l̥aŋ *tAʔ  *put,傷 者 弗 問，,,
260,OldChinese,既 𡃣 而 又 ⿺怠⿹𠃌一 心,既	戰	而	有	怠	心,finish	war	conjunction	have	laziness	heart,,,,,260,,ad,word-8 word-150 word-38 word-32 word-270 word-186,kj+jH tsyenH nyi hjuwX dojX sim,kət-s tar-s nə ɢʷəʔ lˤəʔ səm,*[k]ə[t]-s *tar-s *nə *[ɢ]ʷəʔ *lˤəʔ *səm，,既 戰 而 有 怠 心，,,
261,OldChinese,此 既 𡃣 之 幾,此	既	戰	之	機,this	finish	war	conjunction	crucial.moment,,,,,261,,ad,word-54 word-8 word-150 word-18 word-315,tshjeX kj+jH tsyenH tsyi kj+j,tsʰe(j)ʔ kət-s tar-s tə kəj,*[tsʰ]e(j)ʔ *[k]ə[t]-s *tar-s *tə *kəj.,此 既 戰 之 機。,,
262,OldChinese,⿵戕口 公 或 䎽 曰,莊公	又	問	曰,duke.Zhuang.(personal.name)	conjunction	ask	say,,,,,262,,ad,word-2 word-243 word-146 word-14,tsrjang_kuwng hjuwH mjunH hjwot,tsraŋ_C.qˤoŋ ɢʷəʔ-s C.mun-s ɢʷat,*[ts]raŋ_*C.qˤoŋ *[ɢ]ʷəʔ-s *C.mu[n]-s *[ɢ]ʷat：,莊 公 又 問 曰：,,
263,OldChinese,𰻇 ⿱目貝⿰攴 𡃣 又 道 𰲛,復	敗	戰	有	道	乎,return	defeat	war	have	way	modal.particle,,,,,263,,ad,word-338 word-331 word-150 word-32 word-104 word-198,bjuwH baejH tsyenH hjuwX dawX hu,pruk-s pˤrat-s tar-s ɢʷəʔ kə.lˤuʔ ɢˤa,*[N]-pruk-s *N-pˤra[t]-s *tar-s *[ɢ]ʷəʔ *[kə.l]ˤuʔ *ɢˤa?,「復 XXIX 敗 戰 有 道 乎? 」,,
264,OldChinese,𣌭 曰,答	曰,reply	say,,,,,264,,ad,word-157 word-14,top hjwot,tˤup ɢʷat,*[t]ˤ[u]p *[ɢ]ʷat：,答 曰：,,
265,OldChinese,又,有,have,,,,,265,,ad,word-32,hjuwX,ɢʷəʔ,*[ɢ]ʷəʔ.,「有。,,
266,OldChinese,三 軍 大 ⿱目貝⿰攴,三	軍	大	敗,three	army	great	defeat,,,,,266,,ad,word-161 word-224 word-5 word-331,sam kjun dajH baejH,s.rum kʷər lˤat-s pˤrat-s,*s.rum *[k]ʷər *lˤa[t]-s *N-pˤra[t]-s，,三 軍 大 敗，,,
267,OldChinese,毋 ⿰貝豆 而 賞,毋	誅	而	賞,negative.adverb	condemn	conjunction	admire,,,,,267,,ad,word-90 word-334 word-38 word-206,mju trju nyi syangX,mo tro nə taŋʔ,*mo *tro *nə *s-taŋʔ，,毋 誅 而 賞，,,
268,OldChinese,毋 辠 百眚 而 改 亓 ⿺辶⿷匚羊,毋	罪	百姓	而	改	其	將,negative.adverb	crime	people	conjunction	change	possessive.pronoun	general,,,,,268,,ad,word-90 word-205 word-339 word-38 word-340 word-41 word-3,mju dzwojX paek_sjengH nyi kojX gi tsjang,mo dzˤujʔ pˤrak_seŋ-s nə C.qˤəʔ gə tsaŋ,*mo *[dz]ˤujʔ *pˤrak_*seŋ-s *nə *C.qˤəʔ *gə *[ts]aŋ.,毋 罪 百 姓 而 改 其 將。,,
269,OldChinese,君 女 ⿰見辛 𰳭,君	如	親	率,sovereign	if	personally	lead,,,,,269,,ad,word-40 word-153 word-273 word-226,kjun nyo tshin lwit,C.qur na tsʰin rut,"*C.qur *na *[tsʰ]i[n] *s-rut-s,",君 如 親 率，,,
270,OldChinese,乃 自 𱞃 以 敚 於 萬 民,乃	自	過	以	悅	於	萬	民,conjunction	reflexive.pronoun	blame	conjunction	acquiesce	preposition	ten.thousand	people,,,,,270,,ad,word-127 word-225 word-341 word-68 word-342 word-47 word-343 word-34,nojX dzijH kwaH yiX ywet u mjonH mjin,nˤə(ŋ)ʔ s.bit-s kʷˤaj-s ləʔ lrot ʔˤa C.man-s miŋ,*nˤəʔ *s.[b]i[t]-s *kʷˤaj-s *ləʔ *lrot *[ʔ]ˤa *C.ma[n]-s *mi[ŋ]，,乃 自 過 以 悅 於 萬 民，,,
271,OldChinese,弗 ⿳衣土 ⿱危土 ⿱陀土,弗	杜	跪	地,negative.adverb	deny	bow	land,,,,,271,,ad,word-116 word-344 word-345 word-167,pjut duX gjweX dijH,put dˤaʔ g(r)ojʔ lˤej-s,*put dˤaʔ *[g](r)ojʔ *[l]ˤej-s，,弗 杜 跪 地，,,
272,OldChinese,毋 火 飤,毋	火	食,negative.adverb	fire	eat,,,,,272,,ad,word-90 word-346 word-138,mju xwaX zyik,mo qʷʰˤəjʔ lək,*mo *[qʷʰ]ˤəjʔ *mə-lək.,XXX毋 火 食。,,
273,OldChinese,死 者 收 之,死	者	收	之,die	nominalization.marker	receive	anaphoric.subtitute.of.the.object,,,,,273,,ad,word-268 word-193 word-336 word-18,sijX tsyaeX syuw tsyi,sijʔ tAʔ kiw tə,*sijʔ *tAʔ *s-kiw *tə，,死 者 收 之，,,
274,OldChinese,㦹 者 䎽 之,傷	者	問	之,injure	nominalization.marker	ask	anaphoric.subtitute.of.the.object,,,,,274,,ad,word-337 word-193 word-146 word-18,syang tsyaeX mjunH tsyi,l̥aŋ tAʔ C.mun-s tə,"*l̥aŋ *tAʔ *C.mu[n]-s *tə,",傷 者 問 之，,,
275,OldChinese,善 於 死 者 為 生 者,善	於	死	者	為	生	者,good	preposition	die	nominalization.marker	be	live	nominalization.marker,,,,,275,,ad,word-99 word-47 word-268 word-193 word-4 word-347 word-193,dzyenX u sijX tsyaeX hjwe sraeng tsyaeX,danʔ ʔˤa sijʔ tAʔ ɢʷ(r)aj sreŋ tAʔ,*[g]e[n]ʔ *[ʔ]ˤa *sijʔ *tAʔ *ɢʷ(r)aj *sreŋ *tAʔ.」,善 於 死 者 為 生 者。,,
276,OldChinese,君 必 聚 群 又 司 而 見 之,君	必	聚	群	有	司	而	見	之,sovereign	must	gather	all	have	administer	conjunction	see	anaphoric.subtitute.of.the.object,,,,,276,,ad,word-40 word-72 word-348 word-210 word-32 word-236 word-38 word-13 word-18,kjun pjit dzjuH gjun hjuwX si nyi henH tsyi,C.qur pit tsʰoʔ-s gur ɢʷəʔ lə nə kˤen-s tə,*C.qur *pi[t] *m-tsʰoʔ-s *[g]ur *[ɢ]ʷəʔ *s-lə *nə *[k]ˤen-s *tə，,君 必 聚 群 有 司 而 見 之，,,
277,OldChinese,曰,曰,say,,,,,277,,ad,word-14,hjwot,ɢʷat,*[ɢ]ʷat：,曰：,,
278,OldChinese,二 厽 子 ⿱亓子 之,二	三	子	勉	之,two	three	you	force	anaphoric.subtitute.of.the.object,,,,,278,,ad,word-227 word-161 word-176 word-349 word-18,nyijH sam tsiX mjenX tsyi,nij-s s.rum tsəʔ mrorʔ tə,*ni[j]-s *s.rum *[ts]əʔ *mr[o][r]ʔ *tə.,二 三 子 勉 之。,,
279,OldChinese,𥛔 不 才 子 才 寡人,過	不	在	子	在	寡人,fault	negative.adverb	be.present	you	be.present	I.miserable,,,,,279,,ad,word-341 word-33 word-350 word-176 word-350 word-109,kwaH pjuw dzojX tsiX dzojX kwaeX_nyin,kʷˤaj-s pə dzˤəʔ tsəʔ dzˤəʔ C.kʷˤraʔ_niŋ,*kʷˤaj-s *pə *[dz]ˤəʔ *[ts]əʔ， *[dz]ˤəʔ *[C.k]ʷˤraʔ_*ni[ŋ]，,"過 不 在 子,  在 寡 人，",,
280,OldChinese,𫊟 𡃣 啻 不 訓 於 天 命,吾	戰	敵	不	順	於	天	命,I	war	enemy	negative.adverb	obey	preposition	heaven	mandate,,,,,280,,ad,word-126 word-150 word-165 word-33 word-351 word-47 word-112 word-113,ngu tsyenH dek pjuw zywinH u then mjaengH,ŋˤa tar-s dˤek pə Cə.lun-s ʔˤa l̥ˤin riŋ-s,*ŋˤa *tar-s *[d]ˤek *pə *Cə.lu[n]-s *[ʔ]ˤa *l̥ˤi[n] *m-riŋ-s.,吾 戰 XXXI 敵 不 順 於 天 命。,,
281,OldChinese,反 帀,返	師,return	troop,,,,,281,,ad,word-352 word-233,pjonX srij,Cə.panʔ srij,*Cə.panʔ *srij，,返 師，,,
282,OldChinese,𨟻 𰻇 𡃣,將	復	戰,aspectual.marker	return	war,,,,,282,,ad,word-3 word-338 word-150,tsjang bjuwH tsyenH,tsaŋ pruk-s tar-s,*[ts]aŋ *[N]-pruk-s *tar-s，,將 復 戰，,,
283,OldChinese,必 訋 邦 之 貴人 及 邦 之 可士,必	詔	邦	之	貴人	及	邦	之	奇士,must	summon.?.exhort.?	state	conjunction	noble	conjunction	state	conjunction	extraordinary.man,,,,,283,,ad,word-72 word-353 word-76 word-18 word-354 word-355 word-76 word-18 word-356,pjit tsyewX paewng tsyi kjw+jH_nyin gip paewng tsyi kje_dzriX,pit dewʔ pˤroŋ tə kuj-s_niŋ k-rəp pˤroŋ tə k(r)aj_s-rəʔ,"*pi[t] *[d]raw-s *pˤroŋ *tə *kuj-s_*ni[ŋ] *[m-k-]rəp *pˤroŋ *tə *[k](r)aj_*[m-s-]rəʔ,","必 召 邦 之 貴 人 及 邦 之 奇 士,",,
284,OldChinese,从 ⿰力𰠄 ⿱肰目 兵,從	卒	撚 	兵,follow	soldier	examine	weapon,,,,,284,,ad,word-237 word-296 word-357 word-185,dzjowng tswit nenX pjaeng,tsoŋ tsˤut nˤənʔ praŋ,*[dz]oŋ *[ts]ˤut *nˤənʔ *praŋ，,從 卒 撚 兵，,,
285,OldChinese,毋 𰻇 先 常 之,毋	復	先	常	之,negative.adverb	return	previous	norm	anaphoric.subtitute.of.the.object,,,,,285,,ad,word-90 word-338 word-168 word-358 word-18,mju bjuwH sen dzyang tsyi,mo pruk-s sˤər daŋ tə,*mo *[N]-pruk-s *sˤər *[d]aŋ *tə.,毋 復 先 常 之。,,
286,OldChinese,凡 貴人 囟 凥 歬 立 一 行,凡	貴人	使	處	前	位	一	行,all	noble	send	stay	front	position	one	line,,,,,286,,ad,word-208 word-354 word-250 word-359 word-251 word-248 word-259 word-252,bjuwng kjw+jH_nyin sriH tsyhoX dzen hwijH jit haeng,bəŋ kuj-s_niŋ rəʔ-s t.qʰaʔ dzˤen ɢʷrəp-s ʔit gˤaŋ,*bəŋ *kuj-s_*ni[ŋ] *s-rəʔ *[t.qʰaʔ *[dz]ˤen *[ɢ]ʷrəp-s *ʔi[t] *[g]ˤaŋ.],凡 貴 人 使 【處 前 位 一 行。】,,
287,OldChinese,退 則 見 亡,退	則	見	亡,retire	conjunction	see	death,,,,,287,,ad,word-266 word-96 word-13 word-102,thwojH tsok henH mjang,n̥ˤup-s tsˤək kˤen-s maŋ,*n̥ˤ[u]p-s *[ts]ˤək *[k]ˤen-s *maŋ，,XXXII退 則 見 亡，,,
288,OldChinese,進 則 ⿱夕录 ⿱竹隹,進	則	祿	爵,advance	conjunction	emolument	honour,,,,,288,,ad,word-314 word-96 word-216 word-207,tsinH tsok luwk tsjak,tsin-s tsˤək rˤok tsewk,*[ts][i][n]-s *[ts]ˤək *[r]ˤok *[ts]ewk,進 則 祿 爵,,
289,OldChinese,又 常,有	賞,have	norm,,,,,289,,ad,word-32 word-206,hjuwX syangX,ɢʷəʔ taŋʔ,*[ɢ]ʷəʔ *s-taŋʔ，,有 賞，,,
290,OldChinese,幾 莫 之 ⿱尚立,機	莫	之	當,crucial.moment	none	anaphoric.subtitute.of.the.object	appropriate,,,,,290,,ad,word-315 word-360 word-18 word-361,kj+j mak tsyi tangH,kəj mˤak tə tˤaŋ-s,*kəj *mˤak *tə *tˤaŋ-s.,機 莫 之 當。」,,
291,OldChinese,⿵戕口 公 或 䎽 曰,莊公	又	問	曰,duke.Zhuang.(personal.name)	conjunction	ask	say,,,,,291,,ad,word-2 word-243 word-146 word-14,tsrjang_kuwng hjuwH mjunH hjwot,tsraŋ_C.qˤoŋ ɢʷəʔ-s C.mun-s ɢʷat,*[ts]raŋ_*C.qˤoŋ *[ɢ]ʷəʔ-s *C.mu[n]-s *[ɢ]ʷat：,莊 公 又 問 曰：,,
292,OldChinese,𰻇 ⿰䏌又⿱皿 𡃣 又 道 𰲛,復	班	戰	有	道	乎,return	rang	war	have	way	modal.particle,,,,,292,,ad,word-338 word-362 word-150 word-32 word-104 word-198,bjuwH paen tsyenH hjuwX dawX hu,pruk-s pˤan tar-s ɢʷəʔ kə.lˤuʔ ɢˤa,*[N]-pruk-s *pˤan *tar-s *[ɢ]ʷəʔ *[kə.l]ˤuʔ *ɢˤa？,「復 班 戰 有 道 乎？」,,
293,OldChinese,𣌭 曰,答	曰,reply	say,,,,,293,,ad,word-157 word-14,top hjwot,tˤup ɢʷat,【*[t]ˤ[u]p *[ɢ]ʷat：,【答 曰：,,
294,OldChinese,又,有,have,,,,,294,,ad,word-32,hjuwX,ɢʷəʔ,*[ɢ]ʷəʔ.,「有。,,
295,OldChinese,既 𡃣 𰻇 ⿰谷象,既	戰	復	舍,already	war	return	camp,,,,,295,,ad,word-8 word-150 word-338 word-190,kj+jH tsyenH bjuwH syaeH,kət-s tar-s pruk-s l̥Ak-s,*[k]ə[t]-s *tar-s *[N]-pruk-s *[l̥]Ak-s，,既 戰 復 舍，,,
296,OldChinese,⿸虍介 命 於 軍 中,呼	令	於	軍	中,shout	order	preposition	troop	middle,,,,,296,,ad,word-363 word-364 word-47 word-224 word-288,xu leng u kjun trjuwng,qʰˤa riŋ ʔˤa kʷər truŋ,*Cə.[g]ˤaw-s *riŋ-s *[ʔ]ˤa *[k]ʷər】 *truŋ，,號 令 於 軍】XXXIII 中，,,
297,OldChinese,曰,曰,say,,,,,297,,ad,word-14,hjwot,ɢʷat,*[ɢ]ʷat：,曰：,,
298,OldChinese,纏 ⿸虍羍 利 兵,繕	甲	利	兵,repair	armour	benefit	weapon,,,,,298,,ad,word-182 word-183 word-184 word-185,dzyenH kaep lijH pjaeng,danʔ-s kˤrap C.rit-s praŋ,*[k.d][e][n]ʔ-s *[k]ˤr[a]p *C.ri[t]-s *praŋ，,繕 甲 利 兵，,,
299,OldChinese,⿱明示 日 𨟻 𡃣,明日	將	戰,tomorrow	aspectual.marker	war,,,,,299,,ad,word-365 word-3 word-150,mjaeng_nyit tsjang tsyenH,mraŋ_C.nik tsaŋ tar-s,*mraŋ_*C.nik *[ts]aŋ *tar-s.,明 日 將 戰。,,
300,OldChinese,測 ⿱臼亓⿰戈 厇 則,測	澌	度	傷,measure	corpse	estimate	injury,,,,,300,,ad,word-366 word-367 word-368 word-337,tsrhik sjeH dak syang,tsʰrək se-s dˤak l̥aŋ,*[tsʰ]rək *[m̥](r)ajʔ *[d]ˤak *l̥aŋ，,測 毀 度 傷，,,
301,OldChinese,以 ⿰䏌又⿱皿 ⿺辶⿱亯京 行,以	班	就	行,conjunction	rang	go	march,,,,,301,,ad,word-68 word-362 word-122 word-252,yiX paen dzjuwH haeng,ləʔ pˤan dzuk-s gˤaŋ,*ləʔ *pˤ<r>an *[dz]u[k]-s *[g]ˤaŋ，,以 班 就 行，,,
302,OldChinese,凡 𲅭 車 ⿸虍羍,凡	失	車	甲,all	loose	chariot	armour,,,,,302,,ad,word-208 word-111 word-244 word-183,bjuwng syit tsyhae kaep,bəŋ l̥it t.qʰ(r)A kˤrap,*bəŋ *l̥i[t] *[t.qʰ](r)A *[k]ˤr[a]p，,凡 失 車 甲，,,
303,OldChinese,命 之 毋 行,命	之	無	行,order	anaphoric.subtitute.of.the.object	negative.adverb	march,,,,,303,,ad,word-113 word-18 word-31 word-252,mjaengH tsyi mju haeng,riŋ-s tə ma gˤaŋ,*m-riŋ-s *tə *ma *[g]ˤaŋ.」,命 之 無 行。,,
304,OldChinese,盟日 𨟻 𡃣,明日	將	戰,tomorrow	aspectual.marker	war,,,,,304,,ad,word-365 word-3 word-150,mjaeng_nyit tsjang tsyenH,mraŋ_C.nik tsaŋ tar-s,"*mraŋ_*C.nik *[ts]aŋ *tar-s,",明 日 將 戰，,,
305,OldChinese,囟 為 歬 行,使	為	前	行,send	be	front	line,,,,,305,,ad,word-250 word-4 word-251 word-252,sriH hjwe dzen haeng,rəʔ-s ɢʷ(r)aj dzˤen gˤaŋ,*s-rəʔ *ɢʷ(r)aj *[dz]ˤen *[g]ˤaŋ.,使 為 前 行。,,
306,OldChinese,𫌣 人 𰙬 告,諜	人	來	告,spy	person	come	tell,,,,,306,,ad,word-369 word-88 word-370 word-371,dep nyin loj kowk,lˤep niŋ mə.rˤək kˤuk,*lˤep *ni[ŋ] *mə.rˤək *kˤuk,諜 人 來 告,,
307,OldChinese,曰,曰,say,,,,,307,,ad,word-14,hjwot,ɢʷat,*[ɢ]ʷat：,曰：,,
308,OldChinese,亓 ⿺辶⿷匚羊 𰳭 既 飤,其	將	帥	既	食,possessive.pronoun	conduct	lead	already	eat,,,,,308,,ad,word-41 word-3 word-297 word-8 word-138,gi tsjang srwijH kj+jH zyik,gə tsaŋ rut-s kət-s lək,*gə *[ts]aŋ *s-rut-s *[k]ə[t]-s *mə-lək，,其 XXXIV 將 帥 既 食，,,
309,OldChinese,軙 連 皆 載,車	輦	皆	災,chariot	vehicule	all	damage,,,,,309,,ad,word-244 word-372 word-262 word-373,tsyhae ljenX keaj tsoj,t.qʰ(r)A ranʔ kˤrij tsˤə,*[t.qʰ](r)A *[r][a][n]ʔ *kˤrij *[ts]ˤə，,車 輦 皆 災，,,
310,OldChinese,曰 𨟻 ⿰日⿱夷土 行,曰	將	早	行,say	aspectual.marker	early	march,,,,,310,,ad,word-14 word-3 word-374 word-252,hjwot tsjang tsawX haeng,ɢʷat tsaŋ Nə.tsˤuʔ gˤaŋ,*[ɢ]ʷat *[ts]aŋ *Nə.tsˤuʔ *Cə.[g]ˤraŋ.,曰 將 早 行。,,
311,OldChinese,乃 命 白徒 𱢦 飤 𪭍 兵,乃	命	白徒	早	食	供	兵,conjunction	order	complementary.conscripts	early	eat	provide	weapon,,,,,311,,ad,word-127 word-113 word-375 word-374 word-138 word-376 word-185,nojX mjaengH baek_du tsawX zyik kjowng pjaeng,nˤə(ŋ)ʔ riŋ-s bˤrak_dˤa Nə.tsˤuʔ lək koŋ praŋ,*nˤəʔ *m-riŋ-s *bˤrak_*[d]ˤa *Nə.tsˤuʔ *mə-lək *koŋ *praŋ，,乃 命 白 徒 早 食 供 兵，,,
312,OldChinese,各 載 尔 贓,各	載	爾	贓,each	carry	your	spoils,,,,,312,,ad,word-377 word-378 word-115 word-379,kak tsojH nyeX tsang,kˤak tsˤəʔ-s nərʔ tsˤaŋ,*kˤak *[m-ts]ˤəʔ-s *n[ə][r]ʔ *[ts]ˤaŋ.,各 載 爾 贓。,,
313,OldChinese,既 𡃣 𨟻 㙛,既	戰	將	敷,already	war	aspectual.marker	distribute,,,,,313,,ad,word-8 word-150 word-3 word-380,kj+jH tsyenH tsjang phju,kət-s tar-s tsaŋ pʰ(r)a,*[k]ə[t]-s *tar-s *[ts]aŋ *pʰ()a，,既 戰 將 敷，,,
314,OldChinese,為 之 毋 ⿺怠⿹𠃌一,為	之	毋	怠,do	anaphoric.subtitute.of.the.object	negative.adverb	laziness,,,,,314,,ad,word-4 word-18 word-90 word-270,hjwe tsyi mju dojX,ɢʷ(r)aj tə mo lˤəʔ,*ɢʷ(r)aj *tə *mo *lˤəʔ，,為 之 毋 怠，,,
315,OldChinese,毋 囟 民 ⿱矣心,毋	使	民	疑,negative.adverb	let	people	doubt,,,,,315,,ad,word-90 word-250 word-34 word-272,mju sriH mjin ngi,mo rəʔ-s miŋ ŋ(r)ə,*mo *s-rəʔ *mi[ŋ] *[ŋ](r)ə.,毋 使 民 疑。,,
316,OldChinese,及 尔 龜 噬 皆 ⿱亠舛⿳几力 之,及	爾	龜	筮	皆	勝	之,conjunction	your	turtle	achillea.stalks	all	win	anaphoric.subtitute.of.the.object,,,,,316,,ad,word-355 word-115 word-381 word-382 word-262 word-73 word-18,gip nyeX kwij dzyejH keaj sying tsyi,k-rəp nərʔ kʷrə det-s kˤrij l̥əŋ tə,*[m-k-]rəp *n[ə][r]ʔ *[k]ʷrə *[d][e][t]-s， *kˤrij *l̥əŋ *tə.,"及XXXV 爾 龜 筮,  皆 勝 之。",,
317,OldChinese,改 𩕯 尔 鼔,改	調	爾	鼓,change	tone	your	drum,,,,,317,,ad,word-340 word-383 word-115 word-384,kojX dew nyeX kuX,C.qˤəʔ dˤiw nərʔ kˤaʔ,*C.qˤəʔ *[d]ˤiw *n[ə][r]ʔ *[k]ˤaʔ，,改 調 爾 鼓，,,
318,OldChinese,乃 ⿺辶⿸㫃并 亓 ⿰力膚,乃	屏	其	虜,conjunction	get.rid	possessive.pronoun	captive,,,,,318,,ad,word-127 word-385 word-41 word-386,nojX yit gi luX,nˤə(ŋ)ʔ lrit gə C.rˤaʔ,*nˤəʔ *pˤreŋ-s *gə *C.rˤaʔ.,乃 迸 其 虜。,,
319,OldChinese,盟日 𰻇 ⿰申戈 必 𱞃 亓 所,明日	復	陳	必	過	其	所,tomorrow	return	battle.array	must	pass	possessive.pronoun	place,,,,,319,,ad,word-365 word-338 word-151 word-72 word-341 word-41 word-171,mjaeng_nyit bjuwH drin pjit kwaH gi srjoX,mraŋ_C.nik pruk-s lrin pit kʷˤaj-s gə qʰaʔ,*mraŋ_*C.nik *[N]-pruk-s *lri[n]， *pi[t] *kʷˤaj-s *gə *s-qʰaʔ.,明 日 復 陳， 必 過 其 所。,,
320,OldChinese,此 𰻇 ⿰䏌又⿱皿 𡃣 之 道,此	復	班	戰	之	道,this	return	rang	war	conjunction	way,,,,,320,,ad,word-54 word-338 word-362 word-150 word-18 word-104,tshjeX bjuwH paen tsyenH tsyi dawX,tsʰe(j)ʔ pruk-s pˤan tar-s tə kə.lˤuʔ,*[tsʰ]e(j)ʔ *[N]-pruk-s *pˤan *tar-s *tə *[kə.l]ˤuʔ.,此 復 班 戰 之 道。」,,
321,OldChinese,⿵戕口 公 或 䎽 曰,莊公	又	問	曰,duke.Zhuang.(personal.name)	conjunction	ask	say,,,,,321,,ad,word-2 word-243 word-146 word-14,tsrjang_kuwng hjuwH mjunH hjwot,tsraŋ_C.qˤoŋ ɢʷəʔ-s C.mun-s ɢʷat,*[ts]raŋ_*C.qˤoŋ *[ɢ]ʷəʔ-s *C.mu[n]-s *[ɢ]ʷat：,莊 公 又 問 曰：,,
322,OldChinese,𰻇 甘 𡃣 又 道 𰲛,復	甘	戰	有	道	乎,return	easy	war	have	way	modal.particle,,,,,322,,ad,word-338 word-387 word-150 word-32 word-104 word-198,bjuwH kam tsyenH hjuwX dawX hu,pruk-s kˤam tar-s ɢʷəʔ kə.lˤuʔ ɢˤa,*[N]-pruk-s *[k]ˤ[a]m *tar-s *[ɢ]ʷəʔ *[kə.l]ˤuʔ *ɢˤa?,「復 甘XXXVI 戰 有 道 乎？」,,
323,OldChinese,𣌭 曰,答	曰,reply	say,,,,,323,,ad,word-157 word-14,top hjwot,tˤup ɢʷat,*[t]ˤ[u]p *[ɢ]ʷat：,答 曰：,,
324,OldChinese,又,有,have,,,,,324,,ad,word-32,hjuwX,ɢʷəʔ,*[ɢ]ʷəʔ.,「有。,,
325,OldChinese,必 𰕡 以 戒,必	慎	以	戒,must	be.careful	preposition	warn,,,,,325,,ad,word-72 word-298 word-68 word-60,pjit dzyinH yiX keajH,pit din-s ləʔ kˤrək-s,*pi[t] *[d]i[n]-s *ləʔ *kˤrək-s，,必 慎 以 戒，,,
326,OldChinese,若 𨟻 弗 克,若	將	弗	克,modal.particle	aspectual.marker	negative.adverb	conquest,,,,,326,,ad,word-388 word-3 word-116 word-160,nyak tsjang pjut khok,nak tsaŋ put kʰˤək,*nak *[ts]aŋ *put *kʰˤək.,若 將 弗 克。,,
327,OldChinese,毋 目 以 ⿺辶同,毋	冒	以	同,negative.adverb	reckless	conjunction	unite,,,,,327,,ad,word-90 word-389 word-68 word-213,mju mawH yiX duwng,mo mˤuk-s ləʔ lˤoŋ,*mo *mˤuk-s *ləʔ *[ts][i][n]-s，,毋 冒 以 進，,,
328,OldChinese,必 𱞃 歬 ⿰示工,必	過	前	功,must	pass	front	merit,,,,,328,,ad,word-72 word-341 word-251 word-64,pjit kwaH dzen kuwng,pit kʷˤaj-s dzˤen kˤoŋ,*pi[t] *kʷˤaj-s *[dz]ˤen *kˤoŋ.,必 過 前 功。,,
329,OldChinese,賞 ⿰丹隻 詣 ⿰土𪪋,賞	獲	指	葸,admire	gain	point	fear,,,,,329,,ad,word-206 word-265 word-390 word-391,syangX hweak tsyijX siX,taŋʔ qʷˤrak mə.kijʔ səʔ,*s-taŋʔ *m-qʷˤrak *mə.kijʔ *səʔ，,賞 獲 指 葸，,,
330,OldChinese,以 ⿳亼吅隹⿰見⿱心 亓 志,以	勸	其	志,conjunction	exhort	possessive.pronoun	intention,,,,,330,,ad,word-68 word-392 word-41 word-393,yiX khjwonH gi tsyiH,ləʔ C.qʷʰar-s gə tək-s,*ləʔ *C.qʷʰar-s *gə *tək-s.,以 勸 其 志。,,
331,OldChinese,㦷 者 憙 之,甬	者	喜	之,courageous	nominalization.marker	joy	anaphoric.subtitute.of.the.object,,,,,331,,ad,word-394 word-193 word-395 word-18,yowngX tsyaeX xiX tsyi,loŋʔ tAʔ qʰ(r)əʔ tə,*loŋʔ *tAʔ *qʰ(r)əʔ *tə，,甬 者 喜 之，,,
332,OldChinese,巟 者 ⿱毋心 之,慌	者	悔	之,anxious	nominalization.marker	blame	anaphoric.subtitute.of.the.object,,,,,332,,ad,word-396 word-193 word-397 word-18,xwangX tsyaeX xwojX tsyi,m̥ˤaŋʔ tAʔ m̥ˤəʔ tə,*m̥ˤaŋʔ *tAʔ *m̥ˤəʔ *tə，,XXXVII【慌 者】 悔 之，,,
333,OldChinese,萬 民 ⿰章欠⿱色 首 皆 ⿱八呂⿰欠 或 之,萬	民	黔	首	皆	欲	有	之,ten.thousand	people	black	head	all	want	have	anaphoric.subtitute.of.the.object,,,,,333,,ad,word-343 word-34 word-398 word-399 word-262 word-147 word-32 word-18,mjonH mjin gjem syuwH keaj yowk hjuwX tsyi,C.man-s miŋ g(r)om l̥uʔ-s kˤrij ɢ(r)ok ɢʷəʔ tə,*C.ma[n]-s *mi[ŋ] *[g](r)[o]m *l̥uʔ-s *kˤrij *ɢ(r)ok *[ɢ]ʷəʔ *tə.,萬 民 黔 首 皆 欲 有 之。,,
334,OldChinese,此 𰻇 甘 𡃣 之 道,此	復	甘	戰	之	道,this	return	fierce	war	conjunction	way,,,,,334,,ad,word-54 word-338 word-387 word-150 word-18 word-104,tshjeX bjuwH kam tsyenH tsyi dawX,tsʰe(j)ʔ pruk-s kˤam tar-s tə kə.lˤuʔ,*[tsʰ]e(j)ʔ *[N]-pruk-s *[k]ˤ[a]m *tar-s *tə *[kə.l]ˤuʔ.,此 復 甘 戰 之 道。」,,
335,OldChinese,⿵戕口 公 或 䎽 曰,莊公	又	問	曰,duke.Zhuang.(personal.name)	conjunction	ask	say,,,,,335,,ad,word-2 word-243 word-146 word-14,tsrjang_kuwng hjuwH mjunH hjwot,tsraŋ_C.qˤoŋ ɢʷəʔ-s C.mun-s ɢʷat,*[ts]raŋ_*C.qˤoŋ *[ɢ]ʷəʔ-s *C.mu[n]-s *[ɢ]ʷat：,莊 公 又 問 曰：,,
336,OldChinese,𰻇 ⿰古欠 𡃣 又 道 𰲛,復	苦	戰	有	道	乎,return	hard	war	have	way	modal.particle,,,,,336,,ad,word-338 word-400 word-150 word-32 word-104 word-198,bjuwH khuX tsyenH hjuwX dawX hu,pruk-s kʰˤaʔ tar-s ɢʷəʔ kə.lˤuʔ ɢˤa,*[N]-pruk-s *kʰˤaʔ *tar-s *[ɢ]ʷəʔ *[kə.l]ˤuʔ *ɢˤa?,「復 苦 戰 有 道 乎？」,,
337,OldChinese,𣌭 曰,答	曰,reply	say,,,,,337,,ad,word-157 word-14,top hjwot,tˤup ɢʷat,*[t]ˤ[u]p *[ɢ]ʷat:,答 曰：,,
338,OldChinese,又,有,have,,,,,338,,ad,word-32,hjuwX,ɢʷəʔ,*[ɢ]ʷəʔ.,「有。,,
339,OldChinese,收 而 聚 之 ⿱罒𣗥 而 厚 之,收	而	聚	之	束	而	厚	之,receive	conjunction	gather	anaphoric.subtitute.of.the.object	tie	conjunction	thick	anaphoric.subtitute.of.the.object,,,,,339,,ad,word-336 word-38 word-348 word-18 word-401 word-38 word-402 word-18,syuw nyi dzjuH tsyi syowk nyi huwX tsyi,kiw nə tsʰoʔ-s tə tʰok nə Cə.gˤ(r)oʔ tə,*s-kiw *nə *m-tsʰoʔ-s *tə， *s-tʰok *nə *Cə.[g]ˤ(r)oʔ *tə.,收 而 聚 之，XXXVIII 【束 而 厚 之。,,
340,OldChinese,砫 賞 泊 型,重	賞	薄	刑,heavy	admire	thin	punish,,,,,340,,ad,word-249 word-206 word-403 word-203,drjowngH syangX bak heng,t<r>oŋʔ-s taŋʔ bˤak ɢˤeŋ,"*[m]-troŋ *s-taŋʔ *[b]ˤak *[ɢ]ˤeŋ,",重 賞 薄 刑，,,
341,OldChinese,囟 忘 亓 死 而 見 亓 生,使	忘	其	死	而	見	其	生,let	forget	possessive.pronoun	death	conjunction	see	conjunction	life,,,,,341,,ad,word-250 word-404 word-41 word-268 word-38 word-13 word-41 word-347,sriH mjang gi sijX nyi henH gi sraeng,rəʔ-s maŋ gə sijʔ nə kˤen-s gə sreŋ,"*s-rəʔ *maŋ *gə *sijʔ *nə *[k]ˤen-s *gə *sreŋ,",使 忘 其 死 而 見 其 生，,,
342,OldChinese,思 良 車 良 士 ⿺辶㞷 取 亓 餌,使	良	車	良	士	往	取	其	耳,let	good	chariot	good	dignitary	go	take	possessive.pronoun	ear,,,,,342,,ad,word-250 word-405 word-244 word-405 word-313 word-406 word-106 word-41 word-407,sriH ljang tsyhae ljang dzriX hjwangX tshuwX gi nyiX,rəʔ-s raŋ t.qʰ(r)A raŋ s-rəʔ ɢʷaŋʔ tsʰˤoʔ gə C.nəʔ,*s-rəʔ *[r]aŋ *[t.qʰ](r)A *[r]aŋ *[m-s-]rəʔ *ɢʷaŋʔ *tsʰˤoʔ *gə *C.nəʔ，,使 良 車 良 士 往 取 其 耳，,,
343,OldChinese,思 亓 志 ⿺辶己,使	其	志	起,let	possessive.pronoun	intention	raise,,,,,343,,ad,word-250 word-41 word-393 word-408,sriH gi tsyiH khiX,rəʔ-s gə tək-s C.qʰ(r)əʔ,*s-rəʔ *gə *tək-s *C.qʰ(r)əʔ.,使 其 志 起。,,
344,OldChinese,㦷 者 囟 憙,勇	者	使	喜,courageous	nominalization.marker	let	joy,,,,,344,,ad,word-409 word-193 word-250 word-395,yowngX tsyaeX sriH xiX,loŋʔ tAʔ rəʔ-s qʰ(r)əʔ,"*loŋʔ *tAʔ *s-rəʔ *qʰ(r)əʔ,",勇 者 使 喜，,,
345,OldChinese,⿰土𪪋 者 囟 ⿱毋心,葸	者	使	悔,fear	nominalization.marker	let	blame,,,,,345,,ad,word-391 word-193 word-250 word-397,siX tsyaeX sriH xwojX,səʔ tAʔ rəʔ-s m̥ˤəʔ,"*səʔ *tAʔ s-rəʔ *m̥ˤəʔ,",葸 者 使 悔，,,
346,OldChinese,肰句 改 ⿺怠⿹𠃌一,然後	改	怠,conjunction	change	laziness,,,,,346,,ad,word-410 word-340 word-270,nyen_huwX kojX dojX,nan_ɢˤ(r)oʔ C.qˤəʔ lˤəʔ,*[n]a[n]_*[ɢ]ˤ(r)oʔ *C.qˤəʔ *lˤəʔ.,XXXIX然 後 改 怠。,,
347,OldChinese,此 𰻇 ⿰古欠 𡃣 之 道,此	復	苦	戰	之	道,this	return	hard	war	conjunction	way,,,,,347,,ad,word-54 word-338 word-400 word-150 word-18 word-104,tshjeX bjuwH khuX tsyenH tsyi dawX,tsʰe(j)ʔ pruk-s kʰˤaʔ tar-s tə kə.lˤuʔ,*[tsʰ]e(j)ʔ *[N]-pruk-s *kʰˤaʔ *tar-s *tə *[kə.l]ˤuʔ.,此 復 苦 戰 之 道。」,,
348,OldChinese,⿵戕口 公 或 䎽 曰,莊公	又	問	曰,duke.Zhuang.(personal.name)	conjunction	ask	say,,,,,348,,ad,word-2 word-243 word-146 word-14,tsrjang_kuwng hjuwH mjunH hjwot,tsraŋ_C.qˤoŋ ɢʷəʔ-s C.mun-s ɢʷat,*[ts]raŋ_*C.qˤoŋ *[ɢ]ʷəʔ-s *C.mu[n]-s *[ɢ]ʷat:,莊 公 又 問 曰：,,
349,OldChinese,攻 ⿳爫人系 女,攻	奚	如,assault	how	how,,,,,349,,ad,word-411 word-152 word-153,kuwng hej nyo,kˤoŋ gˤe na,*kˤoŋ *[g]ˤe *na?,「攻 奚 如？」,,
350,OldChinese,𣌭 曰,答	曰,reply	say,,,,,350,,ad,word-157 word-14,top hjwot,tˤup ɢʷat,*[t]ˤ[u]p *[ɢ]ʷat:,答 曰：,,
351,OldChinese,民 又 ⿱宀貨,民	有	寶,people	have	good,,,,,351,,ad,word-34 word-32 word-412,mjin hjuwX xwaH,miŋ ɢʷəʔ pˤuʔ,*mi[ŋ] *[ɢ]ʷəʔ *pˤuʔ:,「民 有 寶：,,
352,OldChinese,曰 城,曰	城,say	wall,,,,,352,,ad,word-14 word-156,hjwot dzyeng,ɢʷat deŋ,"*[ɢ]ʷat *[d]eŋ,",曰 城，,,
353,OldChinese,曰 ⿷匸古,曰	固,say	fortress,,,,,353,,ad,word-14 word-158,hjwot kuH,ɢʷat kˤa-s,"*[ɢ]ʷat *[k]ˤa-s,",曰 固，,,
354,OldChinese,曰 ⿱艸𠭯,曰	阻,say	strategic.pass,,,,,354,,ad,word-14 word-413,hjwot tsrjoX,ɢʷat tsraʔ,*[ɢ]ʷat *[ts]raʔ.,曰 阻。,,
355,OldChinese,三 者 𦘔 甬,三	者	盡	用,three	nominalization.marker	all	use,,,,,355,,ad,word-161 word-193 word-117 word-414,sam tsyaeX tsinX yowngH,s.rum tAʔ tsinʔ loŋ-s,"*s.rum *tAʔ *tsi[n]ʔ *loŋ-s,","三 者 盡 用,",,
356,OldChinese,不 皆,不	諧,negative.adverb	harmonize,,,,,356,,ad,word-33 word-415,pjuw keaj,pə kˤrij,*pə *kˤrij，,不 偕，,,
357,OldChinese,邦 𪺏 以 忧,邦	家	以	忧,state	home	use	grief,,,,,357,,ad,word-76 word-416 word-68 word-417,paewng kae yiX juw,pˤroŋ kˤra ləʔ ʔ(r)u,"*pˤroŋ *kˤra *ləʔ *ʔ(r)u,",邦XL 家 以 忧。,,
358,OldChinese,善 攻 者 必 以 亓 所 又,善	攻	者	必	以	其	所	有,good	assault	nominalization.marker	must	use	nominalization.marker	nominalization.marker	have,,,,,358,,ad,word-418 word-411 word-193 word-72 word-68 word-41 word-171 word-32,dzyenX kuwng tsyaeX pjit yiX gi srjoX hjuwX,genʔ kˤoŋ tAʔ pit ləʔ gə qʰaʔ ɢʷəʔ,"*[g]e[n]ʔ *kˤoŋ *tAʔ *pit *ləʔ *gə *s-qʰaʔ *[ɢ]ʷəʔ,",善 攻 者 必 以 其 所 有，,,
359,OldChinese,以 攻 人 之 所 亡 又,以	攻	人	之	所	無	有,conjunction	assault	person	nominalization.marker	nominalization.marker	negative.adverb	have,,,,,359,,ad,word-68 word-411 word-88 word-18 word-171 word-31 word-32,yiX kuwng nyin tsyi srjoX mju hjuwX,ləʔ kˤoŋ niŋ tə qʰaʔ ma ɢʷəʔ,*ləʔ *kˤoŋ *ni[ŋ] *tə *s-qʰaʔ *ma *[ɢ]ʷəʔ.,以 攻 人 之 所 無 有。」,,
360,OldChinese,⿵戕口 公 或 䎽 曰,莊公	又	問	曰,duke.Zhuang.(personal.name)	conjunction	ask	say,,,,,360,,ad,word-2 word-243 word-146 word-14,tsrjang_kuwng hjuwH mjunH hjwot,tsraŋ_C.qˤoŋ ɢʷəʔ-s C.mun-s ɢʷat,*[ts]raŋ_*C.qˤoŋ *[ɢ]ʷəʔ-s *C.mu[n]-s *[ɢ]ʷat:,莊 公 又 問 曰：,,
361,OldChinese,善 獸 者 ⿳爫人系 女,善	守	者	奚	如,good	keep	nominalization.marker	how	how,,,,,361,,ad,word-99 word-154 word-193 word-152 word-153,dzyenX syuwH tsyaeX hej nyo,danʔ s.tuʔ-s tAʔ gˤe na,*[g]e[n]ʔ *s.tuʔ-s *tAʔ *[g]ˤe *na?,「善 守 者 奚 如？ 」,,
362,OldChinese,𣌭 曰,答	曰,reply	say,,,,,362,,ad,word-157 word-14,top hjwot,tˤup ɢʷat,*[t]ˤ[u]p *[ɢ]ʷat:,答 曰：,,
363,OldChinese,亓 飤 必 足以 食 之,其	食	必	足以	食	之,possessive.pronoun	eat	must	be.sufficient	eat	anaphoric.subtitute.of.the.object,,,,,363,,ad,word-41 word-138 word-72 word-269 word-138 word-18,gi zyik pjit tsjuH_yiX zyik tsyi,gə lək pit tsok-s_ləʔ lək tə,"*gə *mə-lək *pi[t] *[ts]ok-s_*ləʔ *mə-lək *tə,","「其 食 必 足 以 食 【之,",,
364,OldChinese,其 兵 足以 利 之,其	兵	足以	利	之,possessive.pronoun	weapon	be.sufficient	benefit	anaphoric.subtitute.of.the.object,,,,,364,,ad,word-41 word-185 word-269 word-184 word-18,gi pjaeng tsjuH_yiX lijH tsyi,gə praŋ tsok-s_ləʔ C.rit-s tə,"*gə *praŋ *[ts]ok-s_*ləʔ *C.ri[t]-s】 *tə,",其 兵 足 以 利 之，,,
365,OldChinese,亓 城 ⿷匸古 足以 ⿰干戈 之,其	城	固	足以	捍	之,possessive.pronoun	wall	fortress	be.sufficient	shield	anaphoric.subtitute.of.the.object,,,,,365,,ad,word-41 word-156 word-158 word-269 word-419 word-18,gi dzyeng kuH tsjuH_yiX hanH tsyi,gə deŋ kˤa-s tsok-s_ləʔ kˤar-s tə,*gə *[d]eŋ *[k]ˤa-s *[ts]ok-s_*ləʔ *m-kˤa[r]-s *tə.,】XLI其 城 固 足 以 捍 之。,,
366,OldChinese,上 下 和 𠭯 咠,上	下	和	且	輯,superior	inferior	harmony	conjunction	concord,,,,,366,,ad,word-280 word-281 word-188 word-163 word-274,dzyangH haeH hwa tsjo dzip,daŋʔ-s gˤraʔ-s ɢˤoj tsa dzup,"*daŋʔ-s *m-gˤraʔ-s *[ɢ]ˤoj *tsa *[dz][u]p,",上 下 和 且 輯，,,
367,OldChinese,解 紀 於 大 ⿷匸或⿰阝,絓	紀	於	大	國,entangle	thread	preposition	big	state,,,,,367,,ad,word-420 word-258 word-47 word-5 word-421,kweaH kiX u dajH kwok,kʷˤre-s k(r)əʔ ʔˤa lˤat-s C.qʷˤək,*[k]ʷˤre-s *k(r)əʔ *[ʔ]ˤa *lˤa[t]-s *[C.q]ʷˤək，,"絓 紀 於 大 國,",,
368,OldChinese,大 ⿷匸或⿰阝 ⿱木辛⿰斤⿱心 之,大	國	親	之,big	state	parent	anaphoric.substitute.of.the.object,,,,,368,,ad,word-5 word-421 word-273 word-18,dajH kwok tshin tsyi,lˤat-s C.qʷˤək tsʰin tə,"*lˤa[t]-s *[C.q]ʷˤək *[tsʰ]i[n] *tə,","大 國 親 之,",,
369,OldChinese,天下 ⿺辶己 之心 者侯 寡 ⿱矣心,天下	起	志	諸侯	寡	疑,world	raise	intention	noble	few	doubt,,,,,369,,ad,word-53 word-408 word-393 word-422 word-423 word-272,then_haeH khiX tsyiH tsyo_(tsyae)_huw kwaeX ngi,l̥ˤin_gˤraʔ-s C.qʰ(r)əʔ tək-s ta_gˤ(r)o C.kʷˤraʔ ŋ(r)ə,*l̥ˤi[n]_*m-gˤraʔ-s *C.qʰ(r)əʔ *tək-s， *ta_*[g]ˤ(r)o *[C.k]ʷˤraʔ *[ŋ](r)ə.,天 下 起 志， 諸 侯 寡 疑。」,,
370,OldChinese,⿵戕口 公 或 䎽 曰,莊公	又	問	曰,duke.Zhuang.(personal.name)	conjunction	ask	say,,,,,370,,ad,word-2 word-243 word-146 word-14,tsrjang_kuwng hjuwH mjunH hjwot,tsraŋ_C.qˤoŋ ɢʷəʔ-s C.mun-s ɢʷat,*[ts]raŋ_*C.qˤoŋ *[ɢ]ʷəʔ-s *C.mu[n]-s *[ɢ]ʷat:,莊 公 又 問 曰：,,
371,OldChinese,𫊟 又 所 䎽 之,吾	有	所	聞	之,I	have	nominalization.marker	hear	cataphoric.substitute.of.the.object,,,,,371,,ad,word-126 word-32 word-171 word-93 word-18,ngu hjuwX srjoX mjun tsyi,ŋˤa ɢʷəʔ qʰaʔ mun tə,*ŋˤa *[ɢ]ʷəʔ *s-qʰaʔ *mu[n] *tə:,「吾 有 所 聞 之：,,
372,OldChinese,一 出 言,一	出	言,one	exit	word,,,,,372,,ad,word-259 word-189 word-61,jit tsyhwijH ngjon,ʔit kʰut-s ŋan,*ʔi[t] *t-kʰut-s *ŋa[n]，,一 出 言XLII,,
373,OldChinese,三 軍 皆 ⿳亼吅隹⿱心,三	軍	皆	歡,three	army	all	delight,,,,,373,,ad,word-161 word-224 word-262 word-424,sam kjun keaj xwan,s.rum kʷər kˤrij qʷʰˤar,"*s.rum *[k]ʷər *kˤrij *qʷʰˤar,","三 軍 皆 歡,",,
374,OldChinese,一 出 言,一	出	言,one	exit	word,,,,,374,,ad,word-259 word-189 word-61,jit tsyhwijH ngjon,ʔit kʰut-s ŋan,*ʔi[t] *t-kʰut-s *ŋa[n],一 出 言,,
375,OldChinese,三 軍 皆 ⿺辶寺,三	軍	皆	往,three	army	all	go,,,,,375,,ad,word-161 word-224 word-262 word-406,sam kjun keaj hjwangX,s.rum kʷər kˤrij ɢʷaŋʔ,"*s.rum *[k]ʷər *kˤrij *ɢʷaŋʔ,",三 軍 皆 往，,,
376,OldChinese,又 之 𰲛,有	之	乎,have	anaphoric.substitute.of.the.object	modal.particle,,,,,376,,ad,word-32 word-18 word-198,hjuwX tsyi hu,ɢʷəʔ tə ɢˤa,*[ɢ]ʷəʔ *tə *ɢˤa?,有 之 乎？」,,
377,OldChinese,𣌭 曰,答	曰,reply	say,,,,,377,,ad,word-157 word-14,top hjwot,tˤup ɢʷat,*[t]ˤ[u]p *[ɢ]ʷat:,答 曰：,,
378,OldChinese,又 明 詑 於 𲌧 神,有	明	詑	於	鬼	神,have	bright	mislead	preposition	ghost	god,,,,,378,,ad,word-32 word-95 word-425 word-47 word-426 word-427,hjuwX mjaeng da u kjw+jX zyin,ɢʷəʔ mraŋ l̥ˤaj ʔˤa ʔujʔ Cə.lin,*[ɢ]ʷəʔ. *mraŋ *qʰe *[ʔ]ˤa *k-ʔujʔ 【*Cə.li[n]】，,"「有。 明 詑 於 鬼 神,",,
379,OldChinese,神 或 非 所 以 教 民,神	或	非	所	以	教	民,god	modal.particle	be.not	nominalization.marker	preposition	teach	people,,,,,379,,ad,word-427 word-65 word-428 word-171 word-68 word-194 word-34,zyin hwok pj+j srjoX yiX kaewH mjin,Cə.lin ɢʷˤək pəj qʰaʔ ləʔ s.kˤraw-s miŋ,*Cə.li[n] *[ɢ]ʷˤək *pəj *s-qʰaʔ *ləʔ *s.kˤraw-s *mi[ŋ]，,神 或 非 所 以 教 民，,,
380,OldChinese,唯 君 智 之,唯	君	知	之,modal.particle	her.majesty	know	anaphoric.substitute.of.the.object,,,,,380,,ad,word-429 word-40 word-82 word-18,ywij kjun trje tsyi,ɢʷij C.qur tre tə,*ɢʷij *C.qur *tre *tə.,唯 君 知 之。,,
381,OldChinese,此 先 王 至 道,此	先	王	至	道,this	previous	king	excellent	way,,,,,381,,ad,word-54 word-168 word-430 word-431 word-104,tshjeX sen hjwangH tsyijH dawX,tsʰe(j)ʔ sˤər ɢʷaŋ-s tit-s kə.lˤuʔ,*[tsʰ]e(j)ʔ *sˤər *ɢʷaŋ-s *ti[t]-s *[kə.l]ˤuʔ.,此 先 王 至 道。」,,
382,OldChinese,⿵戕口 公 曰,莊公	曰,duke.Zhuang.(personal.name)	say,,,,,382,,ad,word-2 word-14,tsrjang_kuwng hjwot,tsraŋ_C.qˤoŋ ɢʷat,*[ts]raŋ_*C.qˤoŋ *[ɢ]ʷat:,莊XLIII 公 曰：,,
383,OldChinese,⿳艸罒勿⿰攴 𫊟 言 氏 不 女,沫	吾	言	寔	不	如,Mo.(personal.Name)	I	word	really	negative.adverb	compare,,,,,383,,ad,word-432 word-126 word-61 word-433 word-33 word-153,mat ngu ngjon dzyeX pjuw nyo,mˤat ŋˤa ŋan deʔ pə na,"*mˤat， *ŋˤa *ŋa[n] *[d]eʔ *pə *na,",「沫， 吾 言 是 不 如，,,
384,OldChinese,或者 少 道,或者	小	道,maybe	little	way,,,,,384,,ad,word-434 word-37 word-104,hwok_tsyaeX sjewX dawX,ɢʷˤək_tAʔ sewʔ kə.lˤuʔ,*[ɢ]ʷˤək_*tAʔ *[s]ewʔ *[kə.l]ˤuʔ？,或 者 小 道？,,
385,OldChinese,𫊟 一 欲 䎽 厽 弋 之 所,吾	一	欲	聞	三	代	之	所,I	one	desire	hear	three	dynasty	conjunction	nominalization.marker,,,,,385,,ad,word-126 word-259 word-147 word-93 word-161 word-162 word-18 word-171,ngu jit yowk mjun sam dojH tsyi srjoX,ŋˤa ʔit ɢ(r)ok mun s.rum lˤək-s tə qʰaʔ,*ŋˤa *ʔi[t] *ɢ(r)ok *mu[n] *s.rum *lˤək-s *tə *s-qʰaʔ.,吾 一 欲 聞 三 代 之 所。」,,
386,OldChinese,⿱艸⿰告攴 ⿳艸罒勿⿰攴 𣌭 曰,曹沫	答	曰,Cao.Mo.(personal.name)	reply	say,,,,,386,,ad,word-11 word-157 word-14,dzaw_mat top hjwot,tsˤu_mˤat tˤup ɢʷat,*N-tsˤu_*mˤat *[t]ˤ[u]p *[ɢ]ʷat：,曹 沫 答 曰：,,
387,OldChinese,臣 䎽 之,臣	聞	之,minister	hear	anaphoric.substitute.of.the.object,,,,,387,,ad,word-92 word-93 word-18,dzyin mjun tsyi,giŋ mun tə,*[g]i[ŋ] *mu[n] *tə：,「臣 聞 之：,,
388,OldChinese,昔 之 ⿺辶己 於 天下 者,昔	之	起	於	天下	者,past	nominalization.marker	raise	preposition	world	nominalization.marker,,,,,388,,ad,word-15 word-18 word-408 word-47 word-53 word-193,sjek tsyi khiX u then_haeH tsyaeX,sAk tə C.qʰ(r)əʔ ʔˤa l̥ˤin_gˤraʔ-s tAʔ,*[s]Ak *tə *C.qʰ(r)əʔ *[ʔ]ˤa *l̥ˤi[n]_*m-gˤraʔ-s *tAʔ，,昔 之 起 於 天 下 者，,,
389,OldChinese,各 以 亓 殜,各	以	其	世,each	use	possessive.pronoun	era,,,,,389,,ad,word-377 word-68 word-41 word-123,kak yiX gi syejH,kˤak ləʔ gə l̥ap-s,*kˤak *ləʔ *gə *l̥ap-s，,各 以 其 世，,,
390,OldChinese,以 ⿱回又 亓 身,以	及	其	身,conjunction	conjunction	possessive.pronoun	body,,,,,390,,ad,word-68 word-355 word-41 word-121,yiX gip gi syin,ləʔ k-rəp gə n̥iŋ,*ləʔ *[m-k-]rəp *gə *n̥i[ŋ].XLIV,以 及 其 身。,,
391,OldChinese,含 與 古 亦 多 不 同 矣,今	與	古	亦	多	不	同	矣,today	conjunction	ancient	conjunction	much	negative.adverb	same	modal.particle,,,,,391,,ad,word-35 word-148 word-435 word-105 word-260 word-33 word-213 word-10,kim yoX kuX yek ta pjuw duwng hiX,krəm q(r)aʔ kˤaʔ ɢ(r)Ak t.lˤaj pə lˤoŋ qəʔ,*[k]r[ə]m *m-q(r)aʔ *kˤaʔ *ɢ(r)Ak *[t.l]ˤaj *pə *lˤoŋ *qəʔ.,今 與 古 亦 多 不 同 矣。,,
392,OldChinese,臣 是古 不 敢 以 古 𣌭,臣	是故	不	敢	以	古	答,minister	conjunction	negative.adverb	dare	preposition	ancient	reply,,,,,392,,ad,word-92 word-191 word-33 word-436 word-68 word-435 word-157,dzyin dzyeX_kuH pjuw kamX yiX kuX top,giŋ deʔ_kˤa(ʔ)-s pə kˤamʔ ləʔ kˤaʔ tˤup,*[g]i[ŋ] *[d]eʔ_*kˤa(ʔ)-s *pə *[k]ˤamʔ *ləʔ *kˤaʔ *[t]ˤ[u]p.,臣 是 故 不 敢 以 古 答。,,
393,OldChinese,肰 而 亦 古 亦 又 大 道 𱙁,然	而	亦	古	亦	有	大	道	焉,like.this	conjunction	conjunction	ancient	conjunction	have	big	way	in.it,,,,,393,,ad,word-100 word-38 word-105 word-435 word-105 word-32 word-5 word-104 word-103,nyen nyi yek kuX yek hjuwX dajH dawX jen,nan nə ɢ(r)Ak kˤaʔ ɢ(r)Ak ɢʷəʔ lˤat-s kə.lˤuʔ ʔan,*[n]a[n] *nə *ɢ(r)Ak *kˤaʔ *ɢ(r)Ak *[ɢ]ʷəʔ *lˤa[t]-s *[kə.l]ˤuʔ *[ʔ]a[n]，,然 而 亦 古 亦 有 大 道 焉，,,
394,OldChinese,必 龏 ⿱僉曰 以 𠭁 之,必	恭	儉	以	得	之,must	cherish	frugality	conjunction	obtain	anaphoric.substitute.of.the.object,,,,,394,,ad,word-72 word-437 word-438 word-68 word-110 word-18,pjit kjowng gjemX yiX tok tsyi,pit koŋ gramʔ ləʔ tˤək tə,*pi[t] *koŋ *[g]r[a]mʔ *ləʔ *tˤək *tə，,必 恭 儉 以 得 之，,,
395,OldChinese,而 ⿱九高 大 以 ⿺辶⿱止羍 之,而	驕	泰	以	失	之,conjunction	take.pride	pomp	conjunction	loose	anaphoric.substitute.of.the.object,,,,,395,,ad,word-38 word-439 word-440 word-68 word-111 word-18,nyi kjew thajH yiX syit tsyi,nə kraw l̥ˤat-s ləʔ l̥it tə,*nə *kraw *l̥ˤa[t]-s *ləʔ *l̥i[t] *tə.,而 驕 泰 以 失 之。,,
396,OldChinese,君 亓 亦 唯 䎽 夫 㙑 湯 ⿰力桀 受 矣,君	其	亦	唯	聞	夫	禹	湯	桀	紂	矣,her.majesty	modal.particle	conjunction	modal.particle	hear	modal.particle	Yu.(person.name)	Tang.(person.name)	Jie.(person.name)	Zhou.(person.name)	modal.particle,,,,,396,,ad,word-40 word-41 word-105 word-429 word-93 word-192 word-441 word-442 word-443 word-444 word-10,kjun gi yek ywij mjun bju hjuX thang gjet drjuwX hiX,C.qur gə ɢ(r)Ak ɢʷij mun ba ɢʷ(r)aʔ l̥ˤaŋ kat druʔ qəʔ,*C.qur *gə *ɢ(r)Ak *ɢʷij *mu[n] *[b]a *[ɢ]ʷ(r)aʔ、 *r̥ˤaŋ、 *N-[k]at、 *[d]ruʔ *qəʔ.,君 其XLV 亦 唯 聞 夫 禹、 湯、 桀、 紂 矣。,,
397,OldChinese,敢 𣌭,敢	答,dare	reply,,,,,397,,ad,word-436 word-157,kamX top,kˤamʔ tˤup,*[k]ˤamʔ *[t]ˤ[u]p.,敢 答。,,
398,OldChinese,肰 而 亦 古,然	而	亦	古,like.this	conjunction	conjunction	ancient,,,,,398,,ad,word-100 word-38 word-105 word-435,nyen nyi yek kuX,nan nə ɢ(r)Ak kˤaʔ,*[n]a[n] *nə *ɢ(r)Ak *kˤaʔ.,然 而 亦 古。」XLVI,,
